transaction_id,client_id,listing_id,owner_id,employees_id,appointment_id,date_of_transaction,status,final_price,agent_fee_percentage
1,40,43,,106,,5/16/2021,pending rental,,
2,40,123,,106,,6/9/2021,rented,4503,100
3,503,10,1,86,,1/29/2022,pending sale,,
4,503,109,2,86,,2/22/2022,sold,972329,4
5,396,3,,48,236,7/25/2021,pending rental,,
6,,50,,48,236,8/8/2021,relisted,,
7,71,71,3,62,684,9/23/2023,pending rental,,
8,71,149,4,62,684,9/26/2023,rented,2965,100
9,789,131,,103,650,3/15/2024,pending sale,,
10,789,111,,103,650,3/28/2024,sold,853213,3
11,348,16,5,55,354,8/9/2023,pending sale,,
12,348,199,6,55,354,9/5/2023,sold,955508,4
13,501,243,7,72,67,9/5/2022,pending sale,,
14,501,280,8,72,67,9/29/2022,sold,981193,4
15,238,300,,40,589,3/16/2023,pending sale,,
16,238,28,,40,589,4/10/2023,sold,1609363,4
17,798,287,,41,89,8/30/2023,pending sale,,
18,798,245,,41,89,9/20/2023,sold,1008477,6
19,383,147,,39,325,2/24/2023,pending sale,,
20,383,125,,39,325,3/12/2023,sold,1882704,5
21,997,49,9,82,175,1/16/2023,pending rental,,
22,,141,,82,175,1/24/2023,relisted,,
23,786,144,10,119,598,10/26/2022,pending sale,,
24,,231,,119,598,11/14/2022,relisted,,
25,531,252,11,4,87,9/13/2022,pending rental,,
26,531,238,12,4,87,10/7/2022,rented,4558,100
27,208,6,13,17,65,1/1/2024,pending rental,,
28,208,262,14,17,65,1/29/2024,rented,2987,100
29,826,120,15,35,621,5/27/2022,pending sale,,
30,,224,,35,621,6/22/2022,relisted,,
31,436,270,,34,126,7/3/2022,pending sale,,
32,436,175,,34,126,7/9/2022,sold,419707,5
33,846,176,,23,253,10/5/2022,pending rental,,
34,846,12,,23,253,10/11/2022,rented,2464,100
35,660,293,16,92,,11/17/2021,pending sale,,
36,660,25,17,92,,11/18/2021,sold,355337,3
37,529,55,18,30,,9/22/2023,pending rental,,
38,529,185,19,30,,9/29/2023,rented,4209,100
39,411,163,,70,174,12/30/2021,pending rental,,
40,,290,,70,174,1/11/2022,relisted,,
41,412,54,,72,233,4/25/2022,pending rental,,
42,,88,,72,233,5/6/2022,relisted,,
43,712,218,20,26,759,5/2/2022,pending rental,,
44,712,116,21,26,759,5/23/2022,rented,1566,100
45,962,282,22,5,,3/1/2023,pending rental,,
46,962,76,23,5,,3/4/2023,rented,4644,100
47,733,95,,74,,5/12/2022,pending rental,,
48,733,244,,74,,6/4/2022,rented,5023,100
49,709,52,24,66,,4/22/2024,pending rental,,
50,709,217,25,66,,4/28/2024,rented,2030,100
51,579,35,26,23,183,4/10/2022,pending rental,,
52,,198,,23,183,4/19/2022,relisted,,
53,616,44,27,116,,5/14/2023,pending sale,,
54,616,223,28,116,,5/15/2023,sold,1437353,6
55,990,291,,119,,9/23/2022,pending sale,,
56,990,283,,119,,10/18/2022,sold,1270328,4
57,16,289,,116,,4/5/2022,pending sale,,
58,16,174,,116,,4/10/2022,sold,1498180,4
59,470,241,,105,464,10/5/2022,pending rental,,
60,470,123,,105,464,10/30/2022,rented,4064,100
61,961,203,,112,897,9/23/2021,pending sale,,
62,961,31,,112,897,10/21/2021,sold,1710665,5
63,729,129,29,86,211,2/11/2022,pending sale,,
64,,185,,86,211,3/10/2022,relisted,,
65,818,179,,29,645,10/28/2022,pending rental,,
66,,114,,29,645,11/10/2022,relisted,,
67,783,56,,57,71,6/1/2023,pending sale,,
68,,104,,57,71,6/9/2023,relisted,,
69,509,38,,99,268,9/2/2021,pending rental,,
70,509,273,,99,268,9/14/2021,rented,2567,100
71,429,58,,23,,8/31/2023,pending sale,,
72,,226,,23,,9/10/2023,relisted,,
73,418,56,30,115,,2/9/2024,pending rental,,
74,,57,,115,,3/1/2024,relisted,,
75,414,4,,63,,7/28/2022,pending rental,,
76,,175,,63,,8/23/2022,relisted,,
77,430,14,31,46,512,4/18/2023,pending rental,,
78,430,90,32,46,512,5/9/2023,rented,3538,100
79,510,175,33,9,890,12/24/2022,pending sale,,
80,,32,,9,890,1/4/2023,relisted,,
81,954,194,34,120,,11/19/2021,pending sale,,
82,954,91,35,120,,11/21/2021,sold,1703220,5
83,672,28,36,36,497,3/28/2024,pending sale,,
84,,158,,36,497,4/27/2024,relisted,,
85,441,250,,33,55,11/25/2021,pending sale,,
86,441,252,,33,55,12/9/2021,sold,1481947,6
87,805,71,,39,317,1/19/2022,pending rental,,
88,,137,,39,317,2/5/2022,relisted,,
89,637,39,,114,136,1/17/2024,pending sale,,
90,637,264,,114,136,1/22/2024,sold,1392642,4
91,147,24,37,95,916,6/10/2022,pending sale,,
92,147,282,38,95,916,7/7/2022,sold,726845,5
93,627,159,39,15,91,2/10/2022,pending sale,,
94,627,107,40,15,91,2/14/2022,sold,1343201,4
95,788,86,41,45,,7/4/2022,pending sale,,
96,,81,,45,,7/17/2022,relisted,,
97,782,198,,16,162,10/8/2023,pending sale,,
98,782,299,,16,162,11/2/2023,sold,1810360,5
99,574,226,42,112,103,8/18/2023,pending sale,,
100,,102,,112,103,8/26/2023,relisted,,
101,661,268,,119,367,3/28/2023,pending rental,,
102,,25,,119,367,4/8/2023,relisted,,
103,659,243,43,83,605,1/16/2023,pending rental,,
104,659,160,44,83,605,1/23/2023,rented,4642,100
105,29,100,,69,,9/10/2021,pending sale,,
106,29,202,,69,,9/16/2021,sold,905253,5
107,29,248,,94,68,3/12/2023,pending sale,,
108,29,181,,94,68,4/6/2023,sold,791631,6
109,776,259,45,70,,7/9/2022,pending rental,,
110,,155,,70,,7/19/2022,relisted,,
111,251,242,,3,641,10/4/2022,pending sale,,
112,,9,,3,641,10/30/2022,relisted,,
113,6,108,,104,,3/9/2023,pending sale,,
114,6,260,,104,,3/18/2023,sold,1769152,5
115,999,224,46,14,,2/26/2023,pending sale,,
116,999,34,47,14,,2/27/2023,sold,1690196,5
117,804,53,48,12,496,11/12/2022,pending sale,,
118,804,159,49,12,496,11/29/2022,sold,383521,3
119,314,277,50,75,170,9/8/2023,pending rental,,
120,314,21,51,75,170,9/25/2023,rented,2187,100
121,211,14,,67,,4/7/2022,pending sale,,
122,,158,,67,,4/26/2022,relisted,,
123,102,234,52,60,75,3/3/2024,pending rental,,
124,102,10,53,60,75,3/5/2024,rented,4524,100
125,213,284,,32,980,6/2/2023,pending sale,,
126,,83,,32,980,6/6/2023,relisted,,
127,812,103,,38,105,12/6/2023,pending sale,,
128,,151,,38,105,12/17/2023,relisted,,
129,353,44,,105,111,9/9/2021,pending sale,,
130,,221,,105,111,10/4/2021,relisted,,
131,383,92,,67,6,1/22/2022,pending rental,,
132,383,226,,67,6,2/1/2022,rented,3643,100
133,155,110,54,20,784,4/13/2023,pending sale,,
134,,166,,20,784,5/10/2023,relisted,,
135,371,78,,100,,12/3/2022,pending rental,,
136,371,186,,100,,12/16/2022,rented,5738,100
137,152,107,,115,,4/14/2024,pending sale,,
138,152,69,,115,,4/29/2024,sold,1581092,4
139,948,122,55,3,420,11/21/2021,pending rental,,
140,948,270,56,3,420,12/9/2021,rented,3348,100
141,593,77,57,118,,3/27/2023,pending sale,,
142,593,248,58,118,,4/21/2023,sold,1275111,6
143,338,160,,48,,1/30/2022,pending sale,,
144,,32,,48,,2/26/2022,relisted,,
145,251,42,,53,84,2/7/2024,pending sale,,
146,,255,,53,84,3/8/2024,relisted,,
147,322,282,,19,,4/9/2024,pending sale,,
148,322,296,,19,,5/8/2024,sold,1774998,4
149,96,58,59,52,,9/8/2021,pending rental,,
150,96,295,60,52,,9/10/2021,rented,4473,100
151,791,281,,104,923,11/12/2021,pending sale,,
152,,268,,104,923,12/6/2021,relisted,,
153,128,240,61,100,66,10/13/2021,pending rental,,
154,,67,,100,66,10/31/2021,relisted,,
155,779,216,,80,839,1/1/2024,pending sale,,
156,,141,,80,839,1/5/2024,relisted,,
157,678,89,62,5,,11/7/2021,pending rental,,
158,,1,,5,,11/16/2021,relisted,,
159,869,199,63,97,,12/22/2021,pending sale,,
160,,289,,97,,1/12/2022,relisted,,
161,774,214,,5,159,1/27/2022,pending rental,,
162,774,35,,5,159,2/19/2022,rented,4796,100
163,432,247,64,25,283,10/7/2022,pending sale,,
164,432,116,65,25,283,10/12/2022,sold,1648236,5
165,396,22,,46,83,12/27/2022,pending sale,,
166,396,4,,46,83,12/28/2022,sold,815458,4
167,894,248,66,20,63,10/23/2022,pending sale,,
168,894,71,67,20,63,10/24/2022,sold,1575213,4
169,199,73,68,114,,12/13/2022,pending rental,,
170,,185,,114,,1/7/2023,relisted,,
171,189,216,,72,1,1/23/2023,pending sale,,
172,,114,,72,1,2/4/2023,relisted,,
173,731,39,,104,,11/4/2021,pending sale,,
174,731,118,,104,,11/15/2021,sold,634404,6
175,12,69,69,3,,11/12/2021,pending sale,,
176,12,240,70,3,,11/18/2021,sold,1812045,5
177,962,223,71,25,510,5/4/2024,pending sale,,
178,,280,,25,510,5/6/2024,relisted,,
179,293,243,,111,390,6/3/2021,pending rental,,
180,293,196,,111,390,7/3/2021,rented,1740,100
181,937,141,,118,,5/3/2023,pending rental,,
182,,45,,118,,5/26/2023,relisted,,
183,414,248,,11,147,1/22/2023,pending rental,,
184,,93,,11,147,1/26/2023,relisted,,
185,632,4,,7,,4/3/2022,pending rental,,
186,632,60,,7,,4/6/2022,rented,3325,100
187,971,290,,114,148,10/23/2023,pending rental,,
188,971,58,,114,148,10/31/2023,rented,4901,100
189,93,268,72,119,42,12/18/2023,pending sale,,
190,93,8,73,119,42,12/23/2023,sold,1332336,3
191,904,286,74,107,8,4/5/2024,pending sale,,
192,904,270,75,107,8,5/2/2024,sold,605726,6
193,381,90,,29,886,6/21/2023,pending sale,,
194,381,243,,29,886,6/26/2023,sold,864753,6
195,884,162,,100,,11/25/2021,pending sale,,
196,884,26,,100,,12/16/2021,sold,262399,4
197,576,191,76,61,,7/24/2021,pending rental,,
198,,258,,61,,8/5/2021,relisted,,
199,462,49,77,96,,7/22/2021,pending sale,,
200,462,35,78,96,,8/20/2021,sold,776734,4
201,151,294,79,104,799,12/21/2022,pending sale,,
202,151,80,80,104,799,1/18/2023,sold,141305,5
203,805,217,,28,,11/29/2023,pending sale,,
204,,211,,28,,12/11/2023,relisted,,
205,62,150,,114,608,6/4/2023,pending rental,,
206,,95,,114,608,6/26/2023,relisted,,
207,834,289,,107,116,7/8/2021,pending rental,,
208,834,142,,107,116,7/27/2021,rented,3060,100
209,825,41,81,36,,8/4/2022,pending rental,,
210,,213,,36,,8/7/2022,relisted,,
211,547,159,,118,,9/15/2023,pending rental,,
212,,262,,118,,10/1/2023,relisted,,
213,297,214,,85,646,5/6/2022,pending rental,,
214,297,248,,85,646,5/21/2022,rented,3401,100
215,380,262,,36,531,10/13/2022,pending rental,,
216,,291,,36,531,11/4/2022,relisted,,
217,286,213,82,55,952,1/29/2022,pending sale,,
218,,258,,55,952,2/6/2022,relisted,,
219,644,79,83,30,50,3/18/2022,pending sale,,
220,,228,,30,50,4/4/2022,relisted,,
221,417,2,84,86,58,1/7/2023,pending sale,,
222,417,244,85,86,58,1/18/2023,sold,108769,5
223,383,89,,33,,1/20/2022,pending sale,,
224,,15,,33,,1/25/2022,relisted,,
225,29,229,,20,,2/24/2024,pending sale,,
226,29,18,,20,,3/19/2024,sold,1001932,4
227,731,111,,59,,7/19/2022,pending sale,,
228,,47,,59,,8/1/2022,relisted,,
229,970,11,86,25,141,6/27/2021,pending rental,,
230,970,88,87,25,141,6/28/2021,rented,3818,100
231,431,37,88,13,,2/2/2023,pending sale,,
232,,117,,13,,3/4/2023,relisted,,
233,208,94,89,49,,5/23/2023,pending rental,,
234,208,292,90,49,,6/4/2023,rented,5929,100
235,381,263,,96,121,12/12/2021,pending sale,,
236,,205,,96,121,1/3/2022,relisted,,
237,724,232,91,55,77,9/5/2021,pending sale,,
238,,115,,55,77,9/14/2021,relisted,,
239,224,56,92,43,,10/28/2023,pending rental,,
240,,207,,43,,10/30/2023,relisted,,
241,136,147,,67,246,4/9/2022,pending sale,,
242,,247,,67,246,5/4/2022,relisted,,
243,353,5,,58,,1/27/2024,pending rental,,
244,,156,,58,,2/10/2024,relisted,,
245,265,143,,120,191,7/5/2022,pending rental,,
246,265,244,,120,191,7/31/2022,rented,2045,100
247,297,72,,36,189,6/25/2023,pending sale,,
248,,167,,36,189,7/21/2023,relisted,,
249,709,158,93,20,526,10/19/2021,pending sale,,
250,,60,,20,526,11/6/2021,relisted,,
251,724,252,94,68,894,7/24/2021,pending sale,,
252,,79,,68,894,8/13/2021,relisted,,
253,949,139,95,8,,3/3/2022,pending sale,,
254,,1,,8,,3/11/2022,relisted,,
255,829,233,,10,289,2/18/2024,pending rental,,
256,,263,,10,289,3/9/2024,relisted,,
257,467,216,,82,,8/19/2021,pending sale,,
258,467,147,,82,,9/7/2021,sold,1272520,3
259,93,102,96,49,12,5/19/2022,pending sale,,
260,,39,,49,12,6/8/2022,relisted,,
261,502,33,,4,52,1/29/2023,pending rental,,
262,502,252,,4,52,2/20/2023,rented,3542,100
263,201,1,97,106,632,5/25/2021,pending sale,,
264,201,211,98,106,632,6/2/2021,sold,2237040,3
265,607,210,99,112,,1/28/2022,pending rental,,
266,,261,,112,,2/2/2022,relisted,,
267,893,99,100,61,578,5/29/2023,pending sale,,
268,893,162,101,61,578,6/15/2023,sold,1601326,6
269,867,161,102,86,677,8/25/2022,pending rental,,
270,,207,,86,677,9/20/2022,relisted,,
271,886,50,103,3,190,4/8/2024,pending sale,,
272,886,260,104,3,190,4/21/2024,sold,616661,6
273,777,195,105,1,,11/10/2023,pending rental,,
274,,96,,1,,12/1/2023,relisted,,
275,677,296,,96,,10/25/2023,pending sale,,
276,,113,,96,,11/6/2023,relisted,,
277,828,120,,51,23,9/4/2023,pending rental,,
278,828,58,,51,23,9/18/2023,rented,5172,100
279,781,262,,74,27,1/25/2024,pending sale,,
280,,127,,74,27,2/15/2024,relisted,,
281,17,262,106,15,,6/9/2021,pending sale,,
282,,212,,15,,6/16/2021,relisted,,
283,251,93,,6,54,5/11/2023,pending sale,,
284,251,135,,6,54,5/26/2023,sold,619203,3
285,506,202,107,51,,12/29/2021,pending rental,,
286,506,87,108,51,,1/11/2022,rented,4403,100
287,788,48,109,57,738,8/4/2023,pending rental,,
288,788,243,110,57,738,8/11/2023,rented,1915,100
289,579,24,111,71,,10/6/2021,pending rental,,
290,579,230,112,71,,11/4/2021,rented,2045,100
291,152,1,,10,113,1/9/2023,pending sale,,
292,152,87,,10,113,1/16/2023,sold,637446,4
293,766,109,,73,467,8/23/2021,pending sale,,
294,766,263,,73,467,8/31/2021,sold,1551445,3
295,602,31,113,109,,2/25/2024,pending sale,,
296,,24,,109,,3/24/2024,relisted,,
297,255,86,114,102,,2/10/2024,pending sale,,
298,,230,,102,,2/29/2024,relisted,,
299,135,149,115,71,,2/1/2022,pending rental,,
300,135,32,116,71,,2/24/2022,rented,4696,100
301,578,76,117,110,,4/24/2024,pending rental,,
302,,145,,110,,4/28/2024,relisted,,
303,831,5,,86,371,11/21/2022,pending rental,,
304,,123,,86,371,12/12/2022,relisted,,
305,845,161,118,20,,2/23/2023,pending sale,,
306,,244,,20,,3/6/2023,relisted,,
307,164,250,119,74,,9/29/2023,pending rental,,
308,164,201,120,74,,10/18/2023,rented,3631,100
309,365,174,,77,,8/27/2022,pending sale,,
310,365,256,,77,,9/9/2022,sold,2018099,5
311,9,105,,73,155,1/22/2023,pending rental,,
312,9,82,,73,155,2/19/2023,rented,5092,100
313,784,189,121,72,,11/23/2021,pending rental,,
314,784,186,122,72,,12/12/2021,rented,3532,100
315,748,215,123,84,805,2/20/2022,pending rental,,
316,748,209,124,84,805,2/25/2022,rented,3795,100
317,16,219,,95,,11/4/2023,pending rental,,
318,16,17,,95,,11/9/2023,rented,4420,100
319,492,182,,83,,5/15/2022,pending rental,,
320,,121,,83,,5/23/2022,relisted,,
321,126,89,125,41,610,11/20/2021,pending sale,,
322,,94,,41,610,11/24/2021,relisted,,
323,285,224,126,19,223,11/9/2022,pending sale,,
324,,124,,19,223,11/17/2022,relisted,,
325,194,149,127,35,,10/10/2022,pending rental,,
326,,94,,35,,11/4/2022,relisted,,
327,353,227,,42,7,4/4/2023,pending rental,,
328,353,284,,42,7,4/11/2023,rented,5384,100
329,102,44,128,101,,2/27/2022,pending rental,,
330,102,130,129,101,,3/4/2022,rented,4026,100
331,64,95,130,58,414,9/25/2022,pending rental,,
332,,166,,58,414,9/29/2022,relisted,,
333,748,22,131,74,,5/15/2023,pending sale,,
334,748,244,132,74,,6/10/2023,sold,1009414,5
335,804,134,133,18,697,5/23/2022,pending sale,,
336,,186,,18,697,5/26/2022,relisted,,
337,149,243,,89,39,1/21/2023,pending sale,,
338,149,82,,89,39,2/4/2023,sold,2220818,3
339,546,71,,45,,4/12/2024,pending sale,,
340,546,148,,45,,5/9/2024,sold,259854,3
341,154,38,134,109,,10/1/2021,pending rental,,
342,,69,,109,,10/20/2021,relisted,,
343,544,176,,18,,8/21/2022,pending rental,,
344,,156,,18,,9/18/2022,relisted,,
345,540,71,,25,,4/12/2022,pending sale,,
346,,221,,25,,5/6/2022,relisted,,
347,120,8,135,38,349,10/16/2021,pending sale,,
348,,177,,38,349,10/17/2021,relisted,,
349,689,48,,72,258,11/25/2023,pending rental,,
350,689,97,,72,258,12/8/2023,rented,3671,100
351,829,282,,41,,11/7/2023,pending rental,,
352,829,6,,41,,12/2/2023,rented,2563,100
353,992,34,136,45,670,8/22/2022,pending sale,,
354,,33,,45,670,8/26/2022,relisted,,
355,869,231,137,118,421,9/23/2023,pending rental,,
356,869,293,138,118,421,10/20/2023,rented,3137,100
357,24,271,139,78,203,2/2/2022,pending sale,,
358,,51,,78,203,2/3/2022,relisted,,
359,196,198,,35,,7/15/2022,pending rental,,
360,,3,,35,,8/7/2022,relisted,,
361,789,97,,5,,4/28/2021,pending rental,,
362,789,81,,5,,5/25/2021,rented,1801,100
363,63,153,,50,160,12/21/2023,pending rental,,
364,63,174,,50,160,1/5/2024,rented,4743,100
365,860,152,140,110,329,6/1/2022,pending sale,,
366,860,149,141,110,329,6/29/2022,sold,1345584,3
367,822,246,,77,,10/28/2021,pending sale,,
368,,162,,77,,11/5/2021,relisted,,
369,992,123,142,90,511,9/27/2022,pending sale,,
370,,279,,90,511,10/22/2022,relisted,,
371,627,241,143,105,22,4/25/2021,pending sale,,
372,,15,,105,22,5/24/2021,relisted,,
373,197,178,144,107,652,2/20/2022,pending sale,,
374,,198,,107,652,3/1/2022,relisted,,
375,39,252,,29,263,4/12/2024,pending sale,,
376,,143,,29,263,5/11/2024,relisted,,
377,855,277,145,115,401,10/2/2022,pending rental,,
378,855,296,146,115,401,10/7/2022,rented,5402,100
379,515,10,147,83,,2/19/2023,pending rental,,
380,,240,,83,,3/9/2023,relisted,,
381,225,229,148,83,374,7/27/2022,pending rental,,
382,225,255,149,83,374,8/3/2022,rented,4520,100
383,893,28,150,6,909,11/9/2021,pending rental,,
384,,75,,6,909,12/1/2021,relisted,,
385,565,8,,95,735,7/26/2022,pending sale,,
386,,185,,95,735,8/6/2022,relisted,,
387,518,1,,39,998,1/25/2023,pending sale,,
388,,199,,39,998,2/1/2023,relisted,,
389,980,123,,37,508,10/8/2023,pending rental,,
390,,159,,37,508,11/7/2023,relisted,,
391,134,228,,7,392,7/6/2022,pending rental,,
392,134,61,,7,392,7/10/2022,rented,4867,100
393,177,166,151,26,503,1/20/2023,pending sale,,
394,177,74,152,26,503,2/4/2023,sold,903882,3
395,805,263,,66,797,12/29/2023,pending sale,,
396,,101,,66,797,1/14/2024,relisted,,
397,200,129,153,108,711,9/19/2022,pending rental,,
398,200,77,154,108,711,9/26/2022,rented,3147,100
399,578,128,155,3,527,8/21/2022,pending rental,,
400,,137,,3,527,8/31/2022,relisted,,
401,714,15,156,54,,1/13/2022,pending rental,,
402,714,79,157,54,,1/24/2022,rented,4427,100
403,89,194,,96,388,8/13/2022,pending rental,,
404,89,45,,96,388,8/20/2022,rented,2698,100
405,954,6,158,49,25,2/3/2023,pending rental,,
406,954,1,159,49,25,2/21/2023,rented,3401,100
407,100,238,160,54,,12/16/2022,pending sale,,
408,,117,,54,,12/28/2022,relisted,,
409,598,116,,104,,2/10/2023,pending rental,,
410,,125,,104,,3/10/2023,relisted,,
411,1,87,,40,,11/1/2023,pending sale,,
412,1,283,,40,,11/26/2023,sold,1864658,5
413,17,240,161,85,543,8/5/2021,pending rental,,
414,17,11,162,85,543,8/17/2021,rented,3990,100
415,794,173,163,32,282,7/3/2023,pending rental,,
416,794,51,164,32,282,7/17/2023,rented,5406,100
417,683,44,165,56,242,8/12/2023,pending sale,,
418,683,209,166,56,242,8/23/2023,sold,1388033,5
419,740,290,167,57,98,5/30/2022,pending sale,,
420,,36,,57,98,6/8/2022,relisted,,
421,766,64,,12,,9/6/2023,pending rental,,
422,,122,,12,,9/24/2023,relisted,,
423,115,47,,78,643,7/13/2023,pending sale,,
424,115,78,,78,643,8/8/2023,sold,488346,6
425,881,110,168,24,51,9/27/2023,pending rental,,
426,881,230,169,24,51,10/7/2023,rented,2568,100
427,109,49,,92,481,7/22/2023,pending sale,,
428,109,226,,92,481,8/14/2023,sold,2046978,5
429,817,207,170,115,817,12/14/2021,pending rental,,
430,817,220,171,115,817,1/5/2022,rented,5435,100
431,941,97,172,116,690,8/31/2022,pending rental,,
432,941,233,173,116,690,9/2/2022,rented,4916,100
433,703,224,,34,809,8/19/2021,pending rental,,
434,703,96,,34,809,9/5/2021,rented,3795,100
435,452,219,,94,673,4/2/2023,pending sale,,
436,,165,,94,673,4/12/2023,relisted,,
437,52,126,,97,,11/13/2023,pending rental,,
438,52,282,,97,,12/13/2023,rented,3091,100
439,855,271,174,111,82,9/12/2023,pending sale,,
440,,158,,111,82,9/23/2023,relisted,,
441,369,47,175,50,907,12/15/2022,pending rental,,
442,,281,,50,907,12/30/2022,relisted,,
443,854,289,,30,678,1/10/2022,pending sale,,
444,,117,,30,678,2/1/2022,relisted,,
445,630,115,,93,722,9/8/2022,pending sale,,
446,,283,,93,722,10/4/2022,relisted,,
447,582,58,176,84,,3/14/2023,pending sale,,
448,,281,,84,,3/15/2023,relisted,,
449,682,77,177,29,230,4/16/2024,pending rental,,
450,682,95,178,29,230,5/3/2024,rented,5217,100
451,332,193,,24,441,9/3/2023,pending sale,,
452,332,83,,24,441,9/5/2023,sold,1986988,3
453,82,299,,17,906,2/27/2022,pending rental,,
454,82,115,,17,906,3/27/2022,rented,3030,100
455,612,281,,73,342,4/17/2024,pending rental,,
456,612,199,,73,342,5/13/2024,rented,5189,100
457,807,230,179,72,880,5/12/2023,pending sale,,
458,,31,,72,880,5/26/2023,relisted,,
459,299,293,,57,,1/3/2022,pending rental,,
460,,39,,57,,1/18/2022,relisted,,
461,781,229,,74,572,5/7/2022,pending rental,,
462,781,38,,74,572,5/30/2022,rented,2360,100
463,774,89,,26,889,3/2/2023,pending sale,,
464,,16,,26,889,3/23/2023,relisted,,
465,333,260,180,119,,7/2/2022,pending sale,,
466,333,166,181,119,,7/28/2022,sold,1442585,4
467,566,76,182,79,,3/3/2023,pending rental,,
468,566,275,183,79,,3/22/2023,rented,3894,100
469,185,172,,82,408,11/22/2022,pending rental,,
470,,218,,82,408,11/23/2022,relisted,,
471,812,31,,72,691,4/17/2024,pending sale,,
472,,44,,72,691,5/1/2024,relisted,,
473,918,82,,53,308,4/14/2024,pending sale,,
474,918,44,,53,308,4/24/2024,sold,1369156,4
475,201,237,184,97,737,10/24/2021,pending rental,,
476,201,222,185,97,737,10/26/2021,rented,3695,100
477,889,140,,35,790,9/10/2022,pending sale,,
478,,93,,35,790,10/5/2022,relisted,,
479,510,292,186,86,918,7/9/2021,pending sale,,
480,,255,,86,918,7/12/2021,relisted,,
481,957,44,,91,204,5/18/2023,pending sale,,
482,,1,,91,204,6/13/2023,relisted,,
483,517,173,,37,,12/28/2023,pending sale,,
484,517,183,,37,,1/18/2024,sold,161501,5
485,19,184,187,115,,11/12/2023,pending rental,,
486,19,127,188,115,,11/28/2023,rented,2312,100
487,305,135,,106,,8/11/2021,pending sale,,
488,,17,,106,,8/25/2021,relisted,,
489,40,29,,120,221,1/13/2024,pending sale,,
490,40,281,,120,221,2/9/2024,sold,1049648,4
491,173,247,189,111,710,11/7/2021,pending sale,,
492,,248,,111,710,12/3/2021,relisted,,
493,345,183,,90,387,9/6/2022,pending sale,,
494,345,93,,90,387,9/14/2022,sold,184361,3
495,906,277,190,100,145,12/28/2022,pending sale,,
496,906,201,191,100,145,1/27/2023,sold,2064544,3
497,822,202,,99,,4/24/2023,pending sale,,
498,822,47,,99,,5/1/2023,sold,1484917,5
499,807,122,192,104,,5/21/2021,pending rental,,
500,,294,,104,,6/1/2021,relisted,,
501,763,209,,110,524,12/7/2022,pending sale,,
502,,207,,110,524,12/11/2022,relisted,,
503,232,41,,104,62,11/8/2023,pending sale,,
504,,113,,104,62,11/14/2023,relisted,,
505,834,61,,109,21,12/15/2023,pending sale,,
506,834,74,,109,21,1/7/2024,sold,125145,6
507,521,163,193,58,108,7/15/2021,pending rental,,
508,,243,,58,108,7/19/2021,relisted,,
509,126,206,194,70,73,2/25/2024,pending sale,,
510,,125,,70,73,3/3/2024,relisted,,
511,208,239,195,50,600,10/19/2021,pending rental,,
512,,108,,50,600,11/7/2021,relisted,,
513,93,139,196,89,405,8/1/2023,pending rental,,
514,93,284,197,89,405,8/18/2023,rented,2193,100
515,791,108,,52,,6/11/2022,pending sale,,
516,791,4,,52,,7/4/2022,sold,1557480,6
517,547,195,,81,53,8/24/2022,pending sale,,
518,,154,,81,53,9/17/2022,relisted,,
519,856,123,,45,393,6/13/2022,pending rental,,
520,856,161,,45,393,7/12/2022,rented,5095,100
521,460,156,,95,241,3/22/2024,pending sale,,
522,460,113,,95,241,4/12/2024,sold,993687,3
523,13,187,198,16,478,12/12/2023,pending rental,,
524,,254,,16,478,12/26/2023,relisted,,
525,659,34,199,97,520,5/14/2021,pending sale,,
526,659,192,200,97,520,5/22/2021,sold,1626232,6
527,78,61,201,97,,7/4/2021,pending rental,,
528,,149,,97,,7/16/2021,relisted,,
529,35,240,,101,780,1/31/2024,pending sale,,
530,,26,,101,780,2/29/2024,relisted,,
531,293,216,,108,,8/28/2023,pending sale,,
532,,15,,108,,9/21/2023,relisted,,
533,744,163,,81,661,8/30/2023,pending rental,,
534,,174,,81,661,9/3/2023,relisted,,
535,62,205,,42,,8/30/2023,pending sale,,
536,62,205,,42,,9/20/2023,sold,1229504,6
537,495,136,,12,910,5/27/2022,pending sale,,
538,,63,,12,910,6/3/2022,relisted,,
539,227,253,202,41,744,6/11/2023,pending rental,,
540,,27,,41,744,6/30/2023,relisted,,
541,128,2,203,96,545,7/24/2022,pending sale,,
542,,235,,96,545,8/14/2022,relisted,,
543,965,291,,35,841,3/29/2023,pending rental,,
544,965,86,,35,841,4/24/2023,rented,3801,100
545,74,26,,59,97,12/10/2022,pending rental,,
546,74,74,,59,97,12/19/2022,rented,4619,100
547,89,240,,9,109,6/1/2021,pending sale,,
548,89,174,,9,109,6/29/2021,sold,1853644,4
549,962,98,204,31,319,4/9/2022,pending sale,,
550,962,111,205,31,319,4/28/2022,sold,1353721,3
551,65,123,206,104,,7/9/2023,pending rental,,
552,,178,,104,,7/28/2023,relisted,,
553,520,277,207,18,,7/20/2023,pending rental,,
554,520,104,208,18,,8/13/2023,rented,3297,100
555,804,189,209,16,30,4/11/2022,pending sale,,
556,804,198,210,16,30,5/2/2022,sold,1016071,4
557,475,100,,42,,4/11/2023,pending rental,,
558,475,111,,42,,4/17/2023,rented,3220,100
559,831,278,,76,,10/22/2021,pending sale,,
560,,230,,76,,10/29/2021,relisted,,
561,538,291,211,37,,5/13/2023,pending sale,,
562,,298,,37,,6/11/2023,relisted,,
563,477,224,,30,,10/24/2021,pending rental,,
564,,79,,30,,11/9/2021,relisted,,
565,738,86,212,8,37,12/1/2023,pending sale,,
566,738,55,213,8,37,12/5/2023,sold,439487,3
567,867,242,214,2,636,4/28/2022,pending rental,,
568,867,260,215,2,636,5/27/2022,rented,4254,100
569,469,61,216,81,930,11/22/2023,pending rental,,
570,,261,,81,930,12/18/2023,relisted,,
571,648,76,,104,134,4/8/2023,pending sale,,
572,,242,,104,134,4/22/2023,relisted,,
573,461,94,,34,,11/23/2021,pending sale,,
574,461,83,,34,,12/6/2021,sold,798393,3
575,17,68,217,40,396,11/27/2022,pending rental,,
576,17,100,218,40,396,12/24/2022,rented,2921,100
577,165,264,,21,226,8/19/2022,pending rental,,
578,,101,,21,226,9/6/2022,relisted,,
579,473,73,,96,443,6/6/2021,pending sale,,
580,473,89,,96,443,6/18/2021,sold,915105,4
581,945,55,,54,302,7/27/2023,pending sale,,
582,945,269,,54,302,8/9/2023,sold,686197,3
583,340,300,219,97,859,10/7/2023,pending sale,,
584,,97,,97,859,10/26/2023,relisted,,
585,692,273,220,15,,6/23/2023,pending sale,,
586,,3,,15,,7/23/2023,relisted,,
587,773,111,221,101,874,3/9/2024,pending rental,,
588,773,39,222,101,874,3/22/2024,rented,3723,100
589,765,210,223,118,,8/27/2022,pending rental,,
590,765,249,224,118,,9/7/2022,rented,4187,100
591,931,259,,38,,7/26/2022,pending sale,,
592,,289,,38,,7/31/2022,relisted,,
593,547,77,,13,361,8/25/2023,pending sale,,
594,,135,,13,361,8/26/2023,relisted,,
595,660,47,225,18,808,12/11/2021,pending sale,,
596,,189,,18,808,1/8/2022,relisted,,
597,65,75,226,81,557,3/28/2022,pending sale,,
598,,24,,81,557,4/11/2022,relisted,,
599,264,209,,100,447,9/11/2021,pending rental,,
600,,208,,100,447,9/26/2021,relisted,,
601,552,221,,3,891,1/28/2022,pending sale,,
602,552,268,,3,891,2/9/2022,sold,1653786,5
603,851,9,227,94,,1/18/2023,pending rental,,
604,,294,,94,,1/26/2023,relisted,,
605,342,27,,64,,9/16/2022,pending sale,,
606,342,205,,64,,10/4/2022,sold,740133,4
607,83,70,,74,,6/8/2022,pending sale,,
608,83,135,,74,,6/10/2022,sold,560953,3
609,616,169,228,15,,7/3/2023,pending rental,,
610,,163,,15,,7/11/2023,relisted,,
611,184,231,229,60,435,3/17/2023,pending rental,,
612,184,159,230,60,435,3/24/2023,rented,2079,100
613,322,241,,13,620,5/14/2022,pending rental,,
614,322,27,,13,620,6/13/2022,rented,3975,100
615,976,104,,7,273,3/14/2024,pending sale,,
616,976,145,,7,273,4/3/2024,sold,995243,3
617,794,171,231,97,231,3/3/2023,pending sale,,
618,794,53,232,97,231,3/17/2023,sold,441223,3
619,264,19,,81,123,6/1/2021,pending sale,,
620,,202,,81,123,6/16/2021,relisted,,
621,632,52,,49,,12/27/2022,pending rental,,
622,632,105,,49,,1/14/2023,rented,2594,100
623,810,273,233,51,438,11/13/2022,pending rental,,
624,,119,,51,438,11/30/2022,relisted,,
625,829,96,,69,,2/10/2022,pending sale,,
626,,253,,69,,3/7/2022,relisted,,
627,773,61,234,52,34,3/15/2023,pending sale,,
628,,80,,52,34,3/31/2023,relisted,,
629,729,190,235,115,198,7/7/2021,pending sale,,
630,,280,,115,198,7/29/2021,relisted,,
631,771,289,236,20,783,6/2/2023,pending rental,,
632,771,131,237,20,783,6/28/2023,rented,4971,100
633,828,56,,89,,6/11/2023,pending rental,,
634,828,33,,89,,6/21/2023,rented,2876,100
635,605,90,,35,386,7/6/2023,pending rental,,
636,,187,,35,386,7/28/2023,relisted,,
637,367,206,,57,648,4/10/2023,pending rental,,
638,367,20,,57,648,4/18/2023,rented,3849,100
639,958,131,,23,,11/9/2022,pending sale,,
640,958,152,,23,,11/12/2022,sold,438711,5
641,188,230,238,63,,10/17/2022,pending sale,,
642,,204,,63,,11/14/2022,relisted,,
643,65,59,239,111,212,8/18/2021,pending rental,,
644,,53,,111,212,8/30/2021,relisted,,
645,529,203,240,49,350,8/17/2021,pending rental,,
646,,12,,49,350,8/18/2021,relisted,,
647,396,25,,19,,11/23/2022,pending sale,,
648,396,220,,19,,12/17/2022,sold,1538789,5
649,389,211,,61,,9/8/2023,pending rental,,
650,389,28,,61,,10/5/2023,rented,2026,100
651,623,147,,10,585,5/16/2023,pending rental,,
652,,36,,10,585,6/9/2023,relisted,,
653,128,236,241,8,618,6/4/2021,pending sale,,
654,,124,,8,618,6/12/2021,relisted,,
655,426,283,,27,,4/22/2023,pending sale,,
656,,251,,27,,5/4/2023,relisted,,
657,185,65,,72,334,9/8/2022,pending sale,,
658,185,170,,72,334,10/3/2022,sold,1913560,6
659,278,23,,90,506,11/20/2023,pending rental,,
660,,200,,90,506,11/24/2023,relisted,,
661,237,130,242,51,,5/1/2024,pending rental,,
662,237,115,243,51,,5/10/2024,rented,4920,100
663,413,161,244,45,,1/22/2023,pending rental,,
664,413,179,245,45,,1/29/2023,rented,2851,100
665,954,171,246,110,176,7/16/2021,pending sale,,
666,954,31,247,110,176,8/13/2021,sold,778744,4
667,788,14,248,41,,8/7/2021,pending sale,,
668,788,90,249,41,,8/18/2021,sold,985731,5
669,457,94,250,15,,1/9/2024,pending sale,,
670,,169,,15,,1/13/2024,relisted,,
671,47,144,,79,554,8/14/2021,pending rental,,
672,47,171,,79,554,8/19/2021,rented,5097,100
673,127,223,251,80,788,11/23/2021,pending sale,,
674,127,133,252,80,788,12/17/2021,sold,2114758,6
675,120,89,253,98,328,4/4/2022,pending sale,,
676,120,291,254,98,328,5/1/2022,sold,505727,6
677,277,127,,85,320,3/18/2024,pending sale,,
678,,160,,85,320,3/24/2024,relisted,,
679,434,283,,86,398,3/24/2023,pending rental,,
680,,51,,86,398,4/19/2023,relisted,,
681,868,292,,103,862,8/17/2021,pending sale,,
682,868,153,,103,862,8/29/2021,sold,1781113,5
683,968,150,,114,,9/11/2021,pending sale,,
684,,93,,114,,10/8/2021,relisted,,
685,710,297,,35,,2/15/2023,pending rental,,
686,710,159,,35,,3/15/2023,rented,3004,100
687,96,124,255,49,588,6/7/2022,pending rental,,
688,,119,,49,588,6/16/2022,relisted,,
689,893,85,256,107,782,5/2/2023,pending rental,,
690,,204,,107,782,5/5/2023,relisted,,
691,632,221,,9,801,4/14/2022,pending sale,,
692,632,243,,9,801,4/23/2022,sold,1948223,5
693,29,207,,4,,2/29/2024,pending rental,,
694,29,286,,4,,3/18/2024,rented,5301,100
695,773,268,257,51,,7/3/2023,pending rental,,
696,,212,,51,,7/26/2023,relisted,,
697,253,174,,16,156,6/20/2021,pending sale,,
698,253,273,,16,156,7/7/2021,sold,2163346,6
699,680,1,,9,523,6/30/2021,pending rental,,
700,,188,,9,523,7/13/2021,relisted,,
701,67,97,,15,10,5/3/2024,pending rental,,
702,,208,,15,10,5/11/2024,relisted,,
703,980,130,,28,,4/15/2022,pending rental,,
704,980,17,,28,,4/16/2022,rented,3453,100
705,539,17,258,2,222,10/9/2023,pending rental,,
706,539,37,259,2,222,11/2/2023,rented,1658,100
707,59,31,,29,69,4/5/2023,pending rental,,
708,59,53,,29,69,4/17/2023,rented,2309,100
709,833,159,260,34,768,9/18/2021,pending sale,,
710,833,41,261,34,768,9/19/2021,sold,2188332,3
711,703,167,,114,45,2/22/2024,pending sale,,
712,,54,,114,45,3/1/2024,relisted,,
713,661,20,,16,544,1/15/2024,pending rental,,
714,661,242,,16,544,2/2/2024,rented,3617,100
715,728,128,262,9,476,11/18/2021,pending sale,,
716,,26,,9,476,11/23/2021,relisted,,
717,729,71,263,86,556,12/15/2023,pending rental,,
718,729,185,264,86,556,12/17/2023,rented,4790,100
719,213,278,,116,32,4/22/2023,pending sale,,
720,,172,,116,32,4/24/2023,relisted,,
721,378,50,,6,504,2/1/2022,pending rental,,
722,378,251,,6,504,2/5/2022,rented,5000,100
723,371,98,,15,13,1/28/2022,pending rental,,
724,371,188,,15,13,2/10/2022,rented,2182,100
725,884,282,,15,,8/19/2022,pending rental,,
726,884,92,,15,,8/25/2022,rented,4290,100
727,989,106,265,37,96,5/19/2023,pending rental,,
728,,112,,37,96,5/31/2023,relisted,,
729,660,4,266,97,3,4/2/2024,pending rental,,
730,660,173,267,97,3,5/1/2024,rented,4584,100
731,208,65,268,103,275,6/19/2021,pending rental,,
732,208,120,269,103,275,6/20/2021,rented,4843,100
733,634,253,,9,,11/10/2022,pending rental,,
734,,96,,9,,12/4/2022,relisted,,
735,971,172,,87,128,2/28/2022,pending rental,,
736,971,95,,87,128,3/3/2022,rented,4913,100
737,45,128,,88,806,7/27/2021,pending rental,,
738,45,79,,88,806,8/8/2021,rented,5038,100
739,332,52,,89,584,2/11/2022,pending rental,,
740,,113,,89,584,3/12/2022,relisted,,
741,297,271,,3,298,10/9/2022,pending rental,,
742,,238,,3,298,10/28/2022,relisted,,
743,582,65,270,96,,10/8/2023,pending sale,,
744,,254,,96,,10/23/2023,relisted,,
745,729,32,271,64,,12/6/2021,pending rental,,
746,729,287,272,64,,12/23/2021,rented,3716,100
747,726,84,273,3,937,2/2/2022,pending rental,,
748,726,31,274,3,937,2/15/2022,rented,3158,100
749,475,153,,30,,1/25/2024,pending rental,,
750,,27,,30,,2/11/2024,relisted,,
751,616,186,275,58,535,12/25/2022,pending rental,,
752,616,155,276,58,535,1/12/2023,rented,2261,100
753,962,253,277,25,,3/5/2024,pending rental,,
754,962,188,278,25,,3/24/2024,rented,4547,100
755,155,228,279,10,,12/8/2021,pending sale,,
756,,241,,10,,12/30/2021,relisted,,
757,574,251,280,70,391,12/17/2022,pending rental,,
758,,299,,70,391,1/2/2023,relisted,,
759,194,272,281,75,,9/22/2023,pending sale,,
760,194,226,282,75,,10/22/2023,sold,918496,4
761,214,8,,113,355,2/5/2024,pending sale,,
762,,68,,113,355,2/11/2024,relisted,,
763,840,87,,89,444,2/17/2024,pending rental,,
764,840,12,,89,444,3/8/2024,rented,3505,100
765,729,296,283,59,459,8/13/2023,pending rental,,
766,729,295,284,59,459,9/5/2023,rented,4739,100
767,199,117,285,105,380,3/16/2024,pending rental,,
768,,159,,105,380,4/8/2024,relisted,,
769,139,67,286,51,831,11/14/2021,pending sale,,
770,139,273,287,51,831,11/20/2021,sold,1432868,4
771,623,296,,110,,10/31/2023,pending rental,,
772,,142,,110,,11/22/2023,relisted,,
773,150,294,,103,465,7/24/2021,pending sale,,
774,,112,,103,465,7/27/2021,relisted,,
775,250,136,288,33,595,11/25/2022,pending sale,,
776,,4,,33,595,12/11/2022,relisted,,
777,89,154,,57,767,3/30/2024,pending rental,,
778,89,132,,57,767,4/10/2024,rented,5930,100
779,28,275,,65,,9/16/2021,pending sale,,
780,28,299,,65,,10/5/2021,sold,2054022,5
781,521,34,289,93,24,8/4/2022,pending rental,,
782,521,152,290,93,24,8/27/2022,rented,4811,100
783,126,202,291,10,493,10/3/2022,pending rental,,
784,,241,,10,493,10/11/2022,relisted,,
785,229,214,292,109,705,7/19/2023,pending rental,,
786,,151,,109,705,8/11/2023,relisted,,
787,777,209,293,77,,9/1/2023,pending rental,,
788,777,203,294,77,,10/1/2023,rented,3397,100
789,941,278,295,33,,7/28/2021,pending sale,,
790,,296,,33,,8/20/2021,relisted,,
791,585,91,,88,260,9/17/2021,pending rental,,
792,,70,,88,260,9/18/2021,relisted,,
793,752,106,296,48,,12/26/2021,pending rental,,
794,752,245,297,48,,1/5/2022,rented,2851,100
795,126,12,298,111,696,1/7/2022,pending rental,,
796,,140,,111,696,1/18/2022,relisted,,
797,718,289,299,21,931,11/10/2023,pending rental,,
798,,9,,21,931,11/20/2023,relisted,,
799,938,292,,96,,5/1/2022,pending rental,,
800,938,284,,96,,5/5/2022,rented,1776,100
801,45,90,,25,43,5/19/2021,pending rental,,
802,,179,,25,43,6/2/2021,relisted,,
803,709,110,300,81,158,11/11/2022,pending rental,,
804,709,199,,81,158,11/12/2022,rented,2953,100
805,938,159,,105,538,12/24/2023,pending sale,,
806,,221,,105,538,1/20/2024,relisted,,
807,14,245,,92,178,4/27/2024,pending rental,,
808,14,285,,92,178,5/9/2024,rented,4223,100
809,412,256,,46,327,3/22/2024,pending rental,,
810,,292,,46,327,4/9/2024,relisted,,
811,365,241,,84,,11/25/2021,pending sale,,
812,,27,,84,,12/12/2021,relisted,,
813,265,245,,96,893,8/1/2022,pending sale,,
814,265,1,,96,893,8/29/2022,sold,610549,4
815,290,188,,119,757,10/6/2023,pending rental,,
816,290,92,,119,757,11/2/2023,rented,5090,100
817,649,72,,71,379,7/8/2022,pending sale,,
818,,291,,71,379,7/17/2022,relisted,,
819,435,53,3,67,433,2/27/2024,pending rental,,
820,435,265,4,67,433,3/21/2024,rented,3590,100
821,7,239,,3,333,6/16/2021,pending sale,,
822,,103,,3,333,7/1/2021,relisted,,
823,817,12,5,40,,2/19/2024,pending sale,,
824,817,149,6,40,,3/16/2024,sold,757014,5
825,904,62,7,83,406,5/13/2023,pending rental,,
826,,162,8,83,406,5/15/2023,relisted,,
827,773,140,,17,,1/14/2022,pending rental,,
828,,146,,17,,2/10/2022,relisted,,
829,503,146,,99,871,12/13/2022,pending sale,,
830,,162,,99,871,12/17/2022,relisted,,
831,253,105,,86,984,1/14/2022,pending rental,,
832,,64,,86,984,1/16/2022,relisted,,
833,766,84,9,95,,8/28/2021,pending rental,,
834,,158,,95,,9/15/2021,relisted,,
835,96,171,10,27,975,10/13/2022,pending rental,,
836,,132,,27,975,11/3/2022,relisted,,
837,579,192,11,6,959,4/9/2023,pending rental,,
838,579,49,12,6,959,4/18/2023,rented,4175,100
839,134,204,13,5,,8/30/2021,pending sale,,
840,134,247,14,5,,9/17/2021,sold,762885,3
841,381,247,15,48,,9/3/2022,pending rental,,
842,381,168,,48,,9/24/2022,rented,2482,100
843,974,298,,19,180,5/25/2021,pending rental,,
844,974,151,,19,180,5/30/2021,rented,2820,100
845,28,63,,42,634,1/23/2022,pending sale,,
846,28,221,,42,634,2/12/2022,sold,1904612,5
847,407,61,16,113,834,8/4/2022,pending sale,,
848,407,211,17,113,834,8/9/2022,sold,1648163,4
849,616,49,18,4,115,5/29/2021,pending sale,,
850,616,169,19,4,115,6/24/2021,sold,1485047,5
851,185,122,,17,,10/24/2021,pending rental,,
852,,157,,17,,11/15/2021,relisted,,
853,229,227,,24,436,10/20/2022,pending sale,,
854,,201,,24,436,11/3/2022,relisted,,
855,95,139,20,1,330,12/29/2023,pending rental,,
856,,15,21,1,330,1/15/2024,relisted,,
857,297,204,22,80,57,1/28/2022,pending rental,,
858,297,168,23,80,57,1/31/2022,rented,4342,100
859,63,282,,83,,7/1/2023,pending sale,,
860,63,103,,83,,7/31/2023,sold,425519,6
861,227,292,24,71,321,1/9/2023,pending rental,,
862,227,92,25,71,321,1/29/2023,rented,5485,100
863,215,125,26,119,,9/9/2023,pending sale,,
864,215,96,,119,,10/4/2023,sold,889111,3
865,607,76,24,80,,9/5/2021,pending sale,,
866,,262,25,80,,9/21/2021,relisted,,
867,356,209,26,38,,2/11/2022,pending rental,,
868,356,144,,38,,3/6/2022,rented,5129,100
869,769,55,27,43,875,11/20/2022,pending rental,,
870,769,18,28,43,875,11/27/2022,rented,3539,100
871,339,225,,33,358,7/22/2022,pending sale,,
872,,94,,33,358,8/17/2022,relisted,,
873,93,50,,113,164,1/25/2024,pending rental,,
874,93,77,,113,164,2/4/2024,rented,4854,100
875,23,210,,95,351,12/14/2021,pending sale,,
876,23,235,,95,351,12/19/2021,sold,1923387,4
877,609,53,,54,,9/23/2022,pending sale,,
878,,172,,54,,10/14/2022,relisted,,
879,964,240,29,59,,12/19/2023,pending sale,,
880,,89,,59,,1/13/2024,relisted,,
881,127,208,,81,,1/23/2024,pending sale,,
882,127,254,,81,,2/9/2024,sold,1233554,4
883,661,85,,87,,8/5/2023,pending sale,,
884,661,264,,87,,9/1/2023,sold,1855562,4
885,283,198,,83,,1/22/2024,pending sale,,
886,283,86,,83,,1/23/2024,sold,1395060,3
887,603,74,,87,732,4/4/2024,pending sale,,
888,603,238,,87,732,4/17/2024,sold,1821306,4
889,970,230,30,50,248,11/14/2023,pending sale,,
890,,198,,50,248,11/20/2023,relisted,,
891,922,227,,17,,7/16/2022,pending sale,,
892,,148,,17,,8/14/2022,relisted,,
893,529,294,31,3,765,9/21/2021,pending sale,,
894,529,222,32,3,765,10/7/2021,sold,403816,5
895,670,235,33,57,271,10/28/2023,pending rental,,
896,670,199,,57,271,11/4/2023,rented,3131,100
897,479,278,34,110,644,4/25/2021,pending rental,,
898,479,257,35,110,644,5/7/2021,rented,4091,100
899,393,181,36,58,132,11/5/2023,pending rental,,
900,,261,,58,132,11/10/2023,relisted,,
901,45,250,,63,254,4/22/2023,pending rental,,
902,45,112,,63,254,5/20/2023,rented,4770,100
903,660,94,,71,,4/8/2024,pending sale,,
904,,177,,71,,4/25/2024,relisted,,
905,12,204,,115,675,2/10/2024,pending sale,,
906,12,100,,115,675,2/25/2024,sold,1721505,3
907,740,298,37,61,310,11/7/2021,pending rental,,
908,,100,38,61,310,11/25/2021,relisted,,
909,843,3,39,92,,3/16/2022,pending rental,,
910,,253,40,92,,4/10/2022,relisted,,
911,107,252,41,53,,7/9/2023,pending rental,,
912,107,124,,53,,8/7/2023,rented,4231,100
913,720,91,,105,,12/23/2021,pending rental,,
914,720,186,,105,,1/13/2022,rented,2384,100
915,930,141,42,81,,6/5/2021,pending rental,,
916,,92,,81,,6/15/2021,relisted,,
917,17,261,,70,,9/7/2021,pending rental,,
918,17,269,,70,,9/19/2021,rented,3361,100
919,333,207,43,68,151,9/21/2022,pending sale,,
920,333,274,44,68,151,10/10/2022,sold,1189665,5
921,290,174,,66,,10/4/2022,pending rental,,
922,,270,,66,,10/21/2022,relisted,,
923,52,114,,2,778,10/23/2023,pending rental,,
924,,139,,2,778,11/14/2023,relisted,,
925,815,62,45,58,,1/13/2022,pending rental,,
926,815,121,,58,,2/10/2022,rented,5647,100
927,789,284,,7,88,7/22/2023,pending sale,,
928,,108,,7,88,8/20/2023,relisted,,
929,807,184,,98,142,1/22/2022,pending sale,,
930,807,231,,98,142,1/31/2022,sold,1065313,5
931,748,46,46,46,,4/21/2024,pending sale,,
932,748,144,47,46,,5/20/2024,sold,1559513,6
933,566,262,48,50,461,11/3/2021,pending sale,,
934,,174,49,50,461,11/30/2021,relisted,,
935,826,94,50,67,210,8/8/2022,pending rental,,
936,,47,51,67,210,8/31/2022,relisted,,
937,627,110,,40,11,7/19/2023,pending rental,,
938,627,118,,40,11,8/12/2023,rented,3014,100
939,89,196,52,22,,1/14/2023,pending sale,,
940,89,62,53,22,,1/31/2023,sold,227351,4
941,642,251,,74,376,4/8/2024,pending sale,,
942,642,49,,74,376,4/22/2024,sold,1834620,6
943,289,127,,82,,2/1/2022,pending sale,,
944,,193,,82,,2/3/2022,relisted,,
945,820,227,,96,264,10/5/2021,pending rental,,
946,,162,,96,264,10/24/2021,relisted,,
947,477,168,,37,255,3/22/2023,pending sale,,
948,477,93,,37,255,4/14/2023,sold,1451045,6
949,409,116,54,105,61,5/16/2023,pending sale,,
950,,131,,105,61,5/24/2023,relisted,,
951,421,52,,116,462,8/4/2023,pending sale,,
952,421,171,,116,462,8/22/2023,sold,1487236,4
953,401,63,,70,969,5/20/2021,pending rental,,
954,,79,,70,969,5/25/2021,relisted,,
955,726,12,55,101,,4/19/2024,pending sale,,
956,,84,56,101,,5/11/2024,relisted,,
957,514,153,57,25,560,12/13/2023,pending rental,,
958,,36,58,25,560,12/21/2023,relisted,,
959,992,119,,47,426,4/1/2024,pending sale,,
960,,198,,47,426,4/30/2024,relisted,,
961,517,239,,93,,10/30/2021,pending sale,,
962,517,57,,93,,11/8/2021,sold,1969605,5
963,325,69,,18,754,7/29/2023,pending sale,,
964,325,153,,18,754,8/18/2023,sold,1333633,5
965,544,267,59,20,627,7/21/2022,pending sale,,
966,,17,60,20,627,8/15/2022,relisted,,
967,125,7,,89,,4/17/2022,pending rental,,
968,125,19,,89,,4/29/2022,rented,2756,100
969,469,269,61,44,849,10/11/2023,pending sale,,
970,,185,,44,849,11/3/2023,relisted,,
971,941,89,,118,,1/3/2023,pending sale,,
972,941,47,,118,,2/2/2023,sold,910665,5
973,831,188,62,99,,11/7/2023,pending rental,,
974,,97,,99,,12/6/2023,relisted,,
975,862,172,63,54,348,7/17/2022,pending rental,,
976,862,43,,54,348,7/26/2022,rented,2844,100
977,448,263,,54,,2/2/2022,pending sale,,
978,448,240,,54,,2/15/2022,sold,1679103,4
979,126,138,64,2,,12/17/2022,pending sale,,
980,,162,65,2,,12/18/2022,relisted,,
981,846,178,,40,262,12/23/2022,pending sale,,
982,846,202,,40,262,1/16/2023,sold,779444,5
983,906,200,66,112,,11/9/2021,pending sale,,
984,906,62,67,112,,11/22/2021,sold,1076484,6
985,65,199,68,105,166,3/1/2022,pending rental,,
986,,294,,105,166,3/28/2022,relisted,,
987,663,219,,107,,5/7/2021,pending sale,,
988,663,141,,107,,5/16/2021,sold,1976198,3
989,452,5,,9,267,5/12/2021,pending sale,,
990,452,226,,9,267,6/10/2021,sold,952180,3
991,95,171,69,45,,4/17/2023,pending sale,,
992,95,154,70,45,,4/23/2023,sold,444966,4
993,465,153,71,60,,12/29/2021,pending rental,,
994,465,51,,60,,12/31/2021,rented,2155,100
995,325,145,,34,347,6/5/2022,pending sale,,
996,325,55,,34,347,6/6/2022,sold,1304453,5
997,10,165,,94,,7/8/2023,pending sale,,
998,,182,,94,,7/22/2023,relisted,,
999,659,207,,101,294,11/5/2021,pending sale,,
1000,,206,,101,294,11/6/2021,relisted,,
1001,473,238,,108,,7/20/2022,pending rental,,
1002,473,246,,108,,7/27/2022,rented,3709,100
1003,816,146,,72,,9/14/2022,pending rental,,
1004,,147,,72,,9/24/2022,relisted,,
1005,623,220,72,54,195,9/17/2022,pending rental,,
1006,,166,73,54,195,10/4/2022,relisted,,
1007,54,213,74,68,276,9/30/2023,pending sale,,
1008,54,34,75,68,276,10/12/2023,sold,1536738,4
1009,297,244,,28,186,11/7/2023,pending rental,,
1010,,86,,28,186,11/15/2023,relisted,,
1011,433,284,,48,656,4/12/2022,pending sale,,
1012,,111,,48,656,4/23/2022,relisted,,
1013,585,202,76,47,,5/6/2023,pending rental,,
1014,585,69,,47,,5/13/2023,rented,3537,100
1015,325,290,77,37,157,9/14/2021,pending rental,,
1016,,266,78,37,157,10/10/2021,relisted,,
1017,452,111,79,48,357,11/26/2023,pending rental,,
1018,,38,80,48,357,12/3/2023,relisted,,
1019,476,223,,67,114,3/20/2022,pending sale,,
1020,,197,,67,114,3/25/2022,relisted,,
1021,291,37,,116,,10/5/2021,pending sale,,
1022,,70,,116,,10/14/2021,relisted,,
1023,723,189,,47,143,5/28/2021,pending sale,,
1024,723,106,,47,143,6/14/2021,sold,1654783,4
1025,51,191,81,116,,3/13/2023,pending rental,,
1026,,251,,116,,3/17/2023,relisted,,
1027,957,150,,5,,6/21/2022,pending sale,,
1028,957,259,,5,,7/8/2022,sold,1527654,6
1029,556,14,,98,279,10/19/2021,pending rental,,
1030,,31,,98,279,10/24/2021,relisted,,
1031,264,6,,110,,12/10/2022,pending sale,,
1032,264,148,,110,,12/23/2022,sold,512644,4
1033,262,89,82,70,579,10/10/2023,pending sale,,
1034,,282,,70,579,11/8/2023,relisted,,
1035,930,83,83,17,,3/23/2024,pending sale,,
1036,,107,,17,,4/8/2024,relisted,,
1037,163,57,84,22,,11/30/2023,pending sale,,
1038,163,192,85,22,,12/9/2023,sold,1078576,5
1039,64,240,,46,864,1/13/2024,pending rental,,
1040,64,208,,46,864,1/25/2024,rented,5261,100
1041,224,146,,49,194,3/20/2024,pending sale,,
1042,224,233,,49,194,3/25/2024,sold,1293771,6
1043,65,181,,77,201,5/19/2022,pending sale,,
1044,,65,,77,201,5/24/2022,relisted,,
1045,602,122,86,79,566,9/29/2021,pending sale,,
1046,,206,87,79,566,10/20/2021,relisted,,
1047,276,37,88,71,31,10/1/2022,pending rental,,
1048,276,8,,71,31,10/16/2022,rented,1989,100
1049,947,258,89,23,868,1/29/2024,pending sale,,
1050,947,145,90,23,868,2/23/2024,sold,199522,6
1051,471,74,,2,,8/15/2023,pending rental,,
1052,,98,,2,,8/30/2023,relisted,,
1053,426,246,91,1,28,12/24/2022,pending rental,,
1054,426,2,,1,28,1/3/2023,rented,4507,100
1055,840,114,92,72,852,11/30/2022,pending sale,,
1056,840,75,,72,852,12/5/2022,sold,1982936,4
1057,164,183,,42,402,8/6/2021,pending rental,,
1058,164,283,,42,402,8/23/2021,rented,3993,100
1059,941,263,,69,311,8/27/2023,pending sale,,
1060,941,290,,69,311,9/2/2023,sold,631198,5
1061,862,40,,78,64,2/24/2024,pending rental,,
1062,862,74,,78,64,3/7/2024,rented,3819,100
1063,997,148,,48,,1/15/2022,pending rental,,
1064,997,107,,48,,1/25/2022,rented,1611,100
1065,726,216,93,102,,5/26/2021,pending sale,,
1066,,40,,102,,6/12/2021,relisted,,
1067,171,156,94,37,,6/13/2021,pending rental,,
1068,171,138,,37,,6/16/2021,rented,4299,100
1069,86,49,95,21,669,3/6/2023,pending rental,,
1070,,293,,21,669,3/22/2023,relisted,,
1071,786,263,,4,74,3/4/2022,pending rental,,
1072,,191,,4,74,3/10/2022,relisted,,
1073,332,205,,64,,1/10/2023,pending sale,,
1074,332,39,,64,,1/29/2023,sold,1151484,5
1075,826,107,96,4,,2/11/2024,pending sale,,
1076,826,142,,4,,2/28/2024,sold,499439,4
1077,631,186,,9,93,3/9/2022,pending sale,,
1078,,184,,9,93,3/19/2022,relisted,,
1079,549,296,97,30,,1/29/2023,pending sale,,
1080,,246,98,30,,2/22/2023,relisted,,
1081,75,57,99,72,919,4/4/2022,pending sale,,
1082,75,14,,72,919,5/3/2022,sold,692056,5
1083,634,85,100,12,172,1/2/2022,pending sale,,
1084,,138,101,12,172,1/8/2022,relisted,,
1085,115,100,102,69,4,11/28/2022,pending sale,,
1086,,203,,69,4,12/1/2022,relisted,,
1087,339,226,103,53,,3/30/2022,pending sale,,
1088,339,267,104,53,,4/10/2022,sold,1940469,4
1089,951,104,105,103,623,6/12/2022,pending sale,,
1090,,277,,103,623,6/28/2022,relisted,,
1091,961,300,,9,49,4/1/2022,pending rental,,
1092,,91,,9,49,4/3/2022,relisted,,
1093,409,148,,64,736,1/27/2023,pending rental,,
1094,,94,,64,736,2/19/2023,relisted,,
1095,687,203,,87,758,1/26/2022,pending rental,,
1096,687,42,,87,758,2/9/2022,rented,4191,100
1097,880,294,106,7,322,11/30/2022,pending rental,,
1098,,19,,7,322,12/30/2022,relisted,,
1099,421,163,,29,80,1/9/2022,pending sale,,
1100,,173,,29,80,2/6/2022,relisted,,
1101,227,232,107,40,884,3/15/2022,pending sale,,
1102,,185,108,40,884,3/24/2022,relisted,,
1103,798,138,109,48,130,5/12/2023,pending rental,,
1104,798,44,110,48,130,6/5/2023,rented,5093,100
1105,794,188,111,81,,4/23/2022,pending rental,,
1106,794,20,112,81,,5/13/2022,rented,2922,100
1107,127,143,,118,,11/4/2022,pending rental,,
1108,,274,,118,,11/12/2022,relisted,,
1109,320,281,,9,624,12/18/2022,pending sale,,
1110,320,233,,9,624,12/19/2022,sold,1800509,5
1111,746,233,113,45,694,9/20/2021,pending rental,,
1112,746,185,,45,694,10/11/2021,rented,5586,100
1113,370,68,114,23,,8/10/2021,pending sale,,
1114,370,250,,23,,9/2/2021,sold,1057271,5
1115,721,93,115,42,792,4/13/2022,pending rental,,
1116,,108,116,42,792,4/27/2022,relisted,,
1117,989,191,117,81,184,11/4/2022,pending rental,,
1118,989,46,,81,184,11/24/2022,rented,4434,100
1119,954,38,,79,928,7/23/2021,pending rental,,
1120,,110,,79,928,8/19/2021,relisted,,
1121,867,270,118,32,33,7/10/2022,pending sale,,
1122,867,148,,32,33,8/2/2022,sold,1787333,6
1123,777,245,119,20,434,1/12/2023,pending sale,,
1124,777,64,120,20,434,1/13/2023,sold,1819336,5
1125,184,248,,87,487,11/25/2021,pending rental,,
1126,,190,,87,487,12/16/2021,relisted,,
1127,697,201,,25,19,3/11/2022,pending rental,,
1128,,37,,25,19,3/31/2022,relisted,,
1129,126,58,121,89,986,7/25/2021,pending rental,,
1130,126,153,122,89,986,8/15/2021,rented,4596,100
1131,93,220,123,3,229,2/5/2022,pending rental,,
1132,93,221,124,3,229,2/7/2022,rented,3004,100
1133,17,297,,102,660,6/19/2023,pending rental,,
1134,,272,,102,660,7/11/2023,relisted,,
1135,338,187,,80,963,12/13/2021,pending rental,,
1136,338,258,,80,963,1/8/2022,rented,4131,100
1137,510,169,125,40,474,8/17/2022,pending rental,,
1138,,145,,40,474,9/6/2022,relisted,,
1139,601,29,126,33,,9/9/2022,pending rental,,
1140,601,296,,33,,10/2/2022,rented,4568,100
1141,637,218,127,59,214,6/16/2023,pending sale,,
1142,,128,,59,214,7/11/2023,relisted,,
1143,520,280,,61,373,5/22/2023,pending sale,,
1144,520,259,,61,373,5/28/2023,sold,234756,4
1145,510,61,128,3,237,3/25/2022,pending sale,,
1146,510,46,129,3,237,4/21/2022,sold,220467,4
1147,789,43,130,27,313,9/16/2023,pending sale,,
1148,,10,,27,313,10/16/2023,relisted,,
1149,476,114,131,17,,4/17/2023,pending sale,,
1150,,81,132,17,,4/27/2023,relisted,,
1151,384,256,133,59,479,11/19/2021,pending rental,,
1152,,131,,59,479,12/11/2021,relisted,,
1153,721,23,,107,,10/3/2021,pending sale,,
1154,721,155,,107,,10/6/2021,sold,554109,4
1155,414,283,,4,,10/12/2022,pending rental,,
1156,,287,,4,,10/17/2022,relisted,,
1157,869,3,134,16,177,12/6/2021,pending rental,,
1158,,110,,16,177,1/2/2022,relisted,,
1159,881,91,,97,305,7/7/2023,pending sale,,
1160,,77,,97,305,8/5/2023,relisted,,
1161,118,16,,65,659,10/17/2021,pending sale,,
1162,118,110,,65,659,11/6/2021,sold,829198,4
1163,840,131,135,32,840,8/3/2022,pending rental,,
1164,840,85,,32,840,8/24/2022,rented,4503,100
1165,498,284,,34,139,2/9/2024,pending sale,,
1166,498,128,,34,139,3/3/2024,sold,544769,5
1167,763,102,,95,,9/6/2021,pending rental,,
1168,763,177,,95,,9/23/2021,rented,3616,100
1169,658,231,136,1,,1/22/2022,pending rental,,
1170,658,195,,1,,2/19/2022,rented,4798,100
1171,118,67,137,33,100,6/14/2021,pending rental,,
1172,,196,138,33,100,7/4/2021,relisted,,
1173,662,137,139,5,127,9/12/2021,pending rental,,
1174,,164,,5,127,10/8/2021,relisted,,
1175,990,160,,70,649,4/11/2024,pending rental,,
1176,990,129,,70,649,5/8/2024,rented,5749,100
1177,213,252,,23,530,11/25/2021,pending rental,,
1178,213,291,,23,530,12/8/2021,rented,4535,100
1179,417,172,,19,726,4/15/2022,pending rental,,
1180,,192,,19,726,4/24/2022,relisted,,
1181,484,183,140,4,,7/31/2022,pending rental,,
1182,,53,141,4,,8/3/2022,relisted,,
1183,52,91,,79,76,10/16/2021,pending sale,,
1184,52,44,,79,76,11/12/2021,sold,932225,4
1185,740,118,142,94,484,5/7/2021,pending sale,,
1186,,193,,94,484,5/28/2021,relisted,,
1187,9,113,143,22,315,6/23/2022,pending sale,,
1188,,30,,22,315,7/18/2022,relisted,,
1189,971,247,144,98,786,8/19/2021,pending rental,,
1190,971,297,,98,786,9/8/2021,rented,4637,100
1191,338,51,,96,821,1/9/2024,pending sale,,
1192,,72,,96,821,2/6/2024,relisted,,
1193,265,73,145,111,704,10/27/2022,pending rental,,
1194,,280,146,111,704,11/10/2022,relisted,,
1195,299,245,147,83,,1/28/2023,pending rental,,
1196,299,8,,83,,2/23/2023,rented,3436,100
1197,467,242,148,51,,7/16/2022,pending rental,,
1198,467,5,149,51,,7/21/2022,rented,3129,100
1199,91,65,150,73,95,7/4/2021,pending rental,,
1200,91,189,,73,95,7/25/2021,rented,4480,100
1201,265,38,,86,,1/26/2024,pending rental,,
1202,265,207,,86,,2/9/2024,rented,2501,100
1203,135,121,,65,,1/12/2024,pending rental,,
1204,135,248,,65,,1/31/2024,rented,3514,100
1205,124,135,,82,,11/7/2023,pending sale,,
1206,,171,,82,,12/3/2023,relisted,,
1207,13,237,,102,41,4/13/2024,pending sale,,
1208,,123,,102,41,4/30/2024,relisted,,
1209,264,136,151,58,167,6/30/2022,pending sale,,
1210,264,44,152,58,167,7/12/2022,sold,1273264,3
1211,910,34,,56,,1/24/2024,pending rental,,
1212,910,209,,56,,1/31/2024,rented,4800,100
1213,901,171,153,61,,1/17/2022,pending sale,,
1214,,82,154,61,,1/25/2022,relisted,,
1215,752,87,155,100,235,1/2/2024,pending sale,,
1216,,164,,100,235,1/9/2024,relisted,,
1217,819,54,156,51,16,11/20/2022,pending rental,,
1218,819,299,157,51,16,12/14/2022,rented,5088,100
1219,902,287,,69,,6/11/2023,pending sale,,
1220,902,262,,69,,6/26/2023,sold,1530343,3
1221,805,201,158,5,,7/12/2022,pending sale,,
1222,805,129,159,5,,7/14/2022,sold,1689437,6
1223,981,78,160,72,491,10/4/2021,pending rental,,
1224,981,146,,72,491,10/15/2021,rented,4722,100
1225,160,232,,59,290,11/23/2023,pending rental,,
1226,,221,,59,290,12/7/2023,relisted,,
1227,992,130,,16,,10/20/2022,pending sale,,
1228,992,24,,16,,10/24/2022,sold,322529,4
1229,389,220,161,55,734,9/19/2022,pending rental,,
1230,,80,162,55,734,10/19/2022,relisted,,
1231,904,157,163,31,296,6/2/2022,pending rental,,
1232,,4,164,31,296,6/10/2022,relisted,,
1233,826,54,165,41,,10/1/2022,pending sale,,
1234,,85,166,41,,10/27/2022,relisted,,
1235,556,242,167,35,,12/5/2021,pending rental,,
1236,,239,,35,,12/16/2021,relisted,,
1237,661,269,,43,119,6/23/2021,pending rental,,
1238,661,37,,43,119,7/4/2021,rented,4588,100
1239,503,219,,29,318,1/16/2024,pending sale,,
1240,503,243,,29,318,2/4/2024,sold,1560552,4
1241,729,96,168,33,699,6/2/2023,pending rental,,
1242,,220,169,33,699,6/24/2023,relisted,,
1243,298,183,,22,973,3/3/2022,pending sale,,
1244,,2,,22,973,3/4/2022,relisted,,
1245,552,74,170,101,507,6/10/2021,pending rental,,
1246,,277,171,101,507,6/23/2021,relisted,,
1247,46,95,172,13,389,8/3/2022,pending rental,,
1248,,272,173,13,389,8/28/2022,relisted,,
1249,889,243,,57,,3/22/2022,pending rental,,
1250,,179,,57,,4/6/2022,relisted,,
1251,894,33,,33,961,3/4/2022,pending sale,,
1252,,263,,33,961,3/8/2022,relisted,,
1253,324,128,,19,266,5/2/2024,pending sale,,
1254,,233,,19,266,5/15/2024,relisted,,
1255,991,180,174,66,,12/6/2021,pending rental,,
1256,991,29,,66,,12/15/2021,rented,2865,100
1257,657,128,175,79,,9/24/2023,pending rental,,
1258,,215,,79,,10/9/2023,relisted,,
1259,13,255,,51,,9/27/2023,pending rental,,
1260,,248,,51,,10/27/2023,relisted,,
1261,630,260,,60,,6/18/2021,pending sale,,
1262,,87,,60,,7/8/2021,relisted,,
1263,924,79,176,95,,5/7/2021,pending sale,,
1264,,125,,95,,5/22/2021,relisted,,
1265,943,69,177,10,573,5/17/2021,pending rental,,
1266,943,133,178,10,573,5/23/2021,rented,4345,100
1267,413,298,,13,,12/28/2021,pending rental,,
1268,413,73,,13,,1/6/2022,rented,5499,100
1269,305,185,,62,60,3/31/2023,pending sale,,
1270,,4,,62,60,4/29/2023,relisted,,
1271,728,245,,77,,5/16/2022,pending rental,,
1272,,39,,77,,5/22/2022,relisted,,
1273,755,127,179,118,,3/21/2022,pending rental,,
1274,755,130,,118,,3/25/2022,rented,5364,100
1275,444,263,,63,,9/16/2022,pending rental,,
1276,,87,,63,,10/6/2022,relisted,,
1277,110,28,,120,552,7/27/2022,pending rental,,
1278,110,195,,120,552,8/6/2022,rented,2602,100
1279,677,22,,18,,12/21/2021,pending rental,,
1280,677,283,,18,,12/23/2021,rented,2446,100
1281,407,136,180,69,896,8/13/2022,pending rental,,
1282,407,12,181,69,896,9/1/2022,rented,1841,100
1283,954,168,182,79,793,9/9/2021,pending sale,,
1284,954,89,183,79,793,9/24/2021,sold,1104325,5
1285,931,271,,87,,5/29/2021,pending sale,,
1286,931,236,,87,,6/8/2021,sold,1888544,4
1287,552,287,,42,,8/29/2022,pending sale,,
1288,,35,,42,,9/20/2022,relisted,,
1289,40,177,,100,213,5/11/2022,pending sale,,
1290,,292,,100,213,5/16/2022,relisted,,
1291,784,228,184,104,,3/6/2022,pending rental,,
1292,,53,185,104,,4/5/2022,relisted,,
1293,126,23,,32,428,7/24/2022,pending sale,,
1294,,54,,32,428,8/17/2022,relisted,,
1295,823,2,186,22,422,5/21/2021,pending rental,,
1296,,95,,22,422,5/28/2021,relisted,,
1297,109,151,,114,252,12/14/2023,pending sale,,
1298,109,283,,114,252,12/30/2023,sold,1645039,4
1299,772,58,,13,,1/14/2023,pending rental,,
1300,772,134,,13,,2/1/2023,rented,4659,100
1301,318,110,187,68,274,10/25/2021,pending rental,,
1302,318,117,188,68,274,11/4/2021,rented,2373,100
1303,840,162,,84,185,4/1/2022,pending rental,,
1304,840,14,,84,185,4/20/2022,rented,3063,100
1305,378,283,,18,974,2/7/2023,pending sale,,
1306,,164,,18,974,2/16/2023,relisted,,
1307,945,147,189,6,424,6/13/2023,pending rental,,
1308,945,71,,6,424,6/15/2023,rented,2888,100
1309,677,126,,12,2,9/10/2023,pending rental,,
1310,677,172,,12,2,10/8/2023,rented,5238,100
1311,515,229,190,90,,11/23/2021,pending rental,,
1312,515,80,191,90,,11/26/2021,rented,4601,100
1313,479,134,,32,154,11/4/2023,pending rental,,
1314,,83,,32,154,11/17/2023,relisted,,
1315,646,116,192,1,110,6/30/2022,pending rental,,
1316,,272,,1,110,7/28/2022,relisted,,
1317,484,107,,109,,10/24/2021,pending rental,,
1318,,202,,109,,11/8/2021,relisted,,
1319,501,244,,103,,10/29/2022,pending rental,,
1320,,56,,103,,10/31/2022,relisted,,
1321,4,136,,56,970,4/30/2022,pending rental,,
1322,4,159,,56,970,5/16/2022,rented,5152,100
1323,975,276,193,107,967,7/17/2022,pending rental,,
1324,975,75,,107,967,8/15/2022,rented,5244,100
1325,529,37,194,46,988,7/14/2021,pending rental,,
1326,529,127,,46,988,7/31/2021,rented,1852,100
1327,42,192,195,25,,11/30/2021,pending sale,,
1328,,231,,25,,12/26/2021,relisted,,
1329,872,292,196,116,,12/7/2022,pending sale,,
1330,,150,197,116,,12/19/2022,relisted,,
1331,755,107,,51,,2/14/2023,pending rental,,
1332,,197,,51,,2/18/2023,relisted,,
1333,42,102,,106,494,10/23/2022,pending rental,,
1334,42,15,,106,494,10/28/2022,rented,4401,100
1335,309,156,,93,,6/15/2022,pending rental,,
1336,,100,,93,,6/20/2022,relisted,,
1337,109,206,,4,356,3/2/2023,pending sale,,
1338,,290,,4,356,3/22/2023,relisted,,
1339,671,277,198,107,412,11/9/2022,pending rental,,
1340,671,20,,107,412,11/23/2022,rented,3015,100
1341,869,121,199,72,,9/10/2022,pending sale,,
1342,,281,200,72,,9/17/2022,relisted,,
1343,169,55,201,1,18,10/22/2021,pending sale,,
1344,169,192,,1,18,11/6/2021,sold,481765,4
1345,470,49,,89,,6/30/2023,pending sale,,
1346,,135,,89,,7/2/2023,relisted,,
1347,17,173,,98,561,8/11/2022,pending rental,,
1348,17,1,,98,561,8/28/2022,rented,2416,100
1349,593,262,,68,429,9/14/2021,pending rental,,
1350,,77,,68,429,10/8/2021,relisted,,
1351,83,111,,72,312,6/9/2021,pending sale,,
1352,,195,,72,312,6/19/2021,relisted,,
1353,186,77,,62,,3/5/2022,pending sale,,
1354,,35,,62,,3/17/2022,relisted,,
1355,769,199,202,23,,10/22/2023,pending sale,,
1356,769,54,,23,,11/13/2023,sold,2219731,6
1357,852,232,203,88,,3/12/2022,pending sale,,
1358,852,10,,88,,4/9/2022,sold,1045523,5
1359,907,268,,7,,10/1/2022,pending sale,,
1360,907,8,,7,,10/13/2022,sold,130718,5
1361,116,157,,49,542,11/4/2022,pending rental,,
1362,116,114,,49,542,11/9/2022,rented,5006,100
1363,698,15,,66,,5/19/2021,pending sale,,
1364,,187,,66,,6/7/2021,relisted,,
1365,325,230,204,74,99,11/1/2021,pending rental,,
1366,,6,205,74,99,11/16/2021,relisted,,
1367,644,228,206,24,642,12/13/2023,pending rental,,
1368,,205,,24,642,1/10/2024,relisted,,
1369,7,167,207,11,,4/30/2022,pending sale,,
1370,7,187,208,11,,5/23/2022,sold,1368966,5
1371,514,69,209,103,,1/17/2023,pending rental,,
1372,,150,210,103,,2/11/2023,relisted,,
1373,682,188,,69,,5/24/2023,pending rental,,
1374,,101,,69,,6/12/2023,relisted,,
1375,365,62,,45,120,12/22/2022,pending sale,,
1376,,248,,45,120,1/7/2023,relisted,,
1377,483,114,211,120,269,3/4/2024,pending sale,,
1378,,172,,120,269,3/20/2024,relisted,,
1379,381,283,,23,35,8/30/2022,pending sale,,
1380,,140,,23,35,9/25/2022,relisted,,
1381,547,77,212,65,40,6/25/2023,pending sale,,
1382,,52,213,65,40,6/30/2023,relisted,,
1383,186,53,214,61,958,12/2/2021,pending rental,,
1384,,241,215,61,958,1/1/2022,relisted,,
1385,726,42,216,35,430,4/28/2023,pending sale,,
1386,,264,,35,430,5/22/2023,relisted,,
1387,119,278,,116,,4/14/2022,pending rental,,
1388,,200,,116,,5/5/2022,relisted,,
1389,369,133,,89,417,12/2/2021,pending rental,,
1390,,37,,89,417,12/9/2021,relisted,,
1391,202,219,217,87,763,8/17/2022,pending rental,,
1392,202,113,218,87,763,8/20/2022,rented,1777,100
1393,52,233,,32,218,6/4/2022,pending sale,,
1394,52,272,,32,218,7/4/2022,sold,1195916,6
1395,746,274,,53,609,6/14/2021,pending sale,,
1396,746,190,,53,609,7/7/2021,sold,257431,3
1397,280,174,,62,138,2/14/2024,pending rental,,
1398,280,285,,62,138,2/17/2024,rented,1846,100
1399,242,37,219,109,193,8/1/2022,pending rental,,
1400,,9,,109,193,8/20/2022,relisted,,
1401,884,239,220,6,36,4/6/2023,pending rental,,
1402,884,35,,6,36,4/11/2023,rented,3781,100
1403,250,134,221,28,819,5/13/2021,pending rental,,
1404,,188,222,28,819,5/14/2021,relisted,,
1405,457,152,223,69,140,12/18/2022,pending sale,,
1406,457,29,224,69,140,12/27/2022,sold,668257,4
1407,600,284,,91,,12/19/2023,pending sale,,
1408,600,134,,91,,1/18/2024,sold,1579088,5
1409,712,274,,63,187,9/6/2022,pending rental,,
1410,712,257,,63,187,9/23/2022,rented,4371,100
1411,16,84,225,69,79,12/19/2022,pending rental,,
1412,16,277,,69,79,12/23/2022,rented,4150,100
1413,383,272,226,2,486,1/12/2023,pending sale,,
1414,,102,,2,486,1/25/2023,relisted,,
1415,846,94,,9,,7/23/2021,pending sale,,
1416,,196,,9,,8/14/2021,relisted,,
1417,744,90,,119,,4/2/2023,pending sale,,
1418,744,257,,119,,4/8/2023,sold,1022908,4
1419,291,98,227,115,,8/2/2021,pending rental,,
1420,,44,,115,,8/5/2021,relisted,,
1421,332,295,,4,14,6/17/2021,pending sale,,
1422,,214,,4,14,7/17/2021,relisted,,
1423,188,252,,31,257,9/3/2021,pending sale,,
1424,188,29,,31,257,9/24/2021,sold,861102,4
1425,870,191,228,37,,12/2/2022,pending rental,,
1426,870,283,,37,,12/3/2022,rented,2141,100
1427,830,223,229,37,570,2/21/2023,pending rental,,
1428,830,147,230,37,570,2/25/2023,rented,2970,100
1429,433,112,,111,278,3/13/2023,pending rental,,
1430,433,228,,111,278,4/4/2023,rented,4675,100
1431,444,129,,102,749,8/7/2021,pending rental,,
1432,444,104,,102,749,8/21/2021,rented,3778,100
1433,617,157,231,11,353,9/14/2023,pending rental,,
1434,617,51,232,11,353,9/27/2023,rented,3264,100
1435,194,72,,115,163,4/27/2024,pending rental,,
1436,,151,,115,163,4/28/2024,relisted,,
1437,215,205,,89,550,8/20/2021,pending sale,,
1438,215,173,,89,550,8/31/2021,sold,1926107,5
1439,133,155,233,61,795,9/11/2021,pending rental,,
1440,,231,,61,795,9/29/2021,relisted,,
1441,359,48,,1,505,9/23/2022,pending rental,,
1442,359,278,,1,505,10/20/2022,rented,4033,100
1443,396,114,234,64,117,8/25/2021,pending rental,,
1444,396,198,,64,117,9/2/2021,rented,5068,100
1445,412,93,235,21,594,8/12/2021,pending rental,,
1446,412,218,,21,594,9/8/2021,rented,3641,100
1447,213,32,236,120,,12/25/2021,pending sale,,
1448,213,124,237,120,,1/24/2022,sold,1183416,4
1449,353,250,,33,,6/15/2023,pending sale,,
1450,,51,,33,,6/18/2023,relisted,,
1451,974,236,,96,480,7/25/2021,pending sale,,
1452,,1,,96,480,7/26/2021,relisted,,
1453,69,112,,95,,4/23/2023,pending sale,,
1454,69,164,,95,,5/13/2023,sold,1837491,5
1455,109,262,,32,582,9/8/2021,pending rental,,
1456,109,274,,32,582,10/8/2021,rented,1621,100
1457,531,31,238,7,,4/8/2023,pending rental,,
1458,,39,,7,,4/23/2023,relisted,,
1459,160,15,239,104,,5/16/2023,pending sale,,
1460,160,268,,104,,6/1/2023,sold,518099,4
1461,320,91,240,13,15,8/20/2023,pending sale,,
1462,320,11,,13,15,9/8/2023,sold,1338196,4
1463,74,222,,48,245,9/15/2021,pending sale,,
1464,74,184,,48,245,9/27/2021,sold,1519331,5
1465,257,259,,64,407,6/13/2022,pending rental,,
1466,257,119,,64,407,6/28/2022,rented,1762,100
1467,997,120,,106,,6/24/2022,pending sale,,
1468,997,280,,106,,7/13/2022,sold,883109,4
1469,465,242,241,35,202,2/7/2024,pending rental,,
1470,465,24,,35,202,2/13/2024,rented,2731,100
1471,588,219,,78,,7/17/2021,pending rental,,
1472,588,210,,78,,8/2/2021,rented,4854,100
1473,293,229,,47,369,5/20/2021,pending sale,,
1474,,191,,47,369,6/7/2021,relisted,,
1475,240,107,,23,,12/14/2022,pending rental,,
1476,,70,,23,,1/12/2023,relisted,,
1477,722,98,242,5,,2/13/2022,pending rental,,
1478,722,150,243,5,,2/15/2022,rented,2111,100
1479,975,108,244,1,341,11/7/2021,pending rental,,
1480,975,228,245,1,341,11/21/2021,rented,2381,100
1481,52,229,246,86,565,8/18/2021,pending sale,,
1482,,42,247,86,565,8/20/2021,relisted,,
1483,185,149,248,8,,1/22/2024,pending sale,,
1484,,121,249,8,,2/2/2024,relisted,,
1485,378,275,250,17,372,7/6/2023,pending rental,,
1486,378,22,,17,372,7/26/2023,rented,4182,100
1487,181,11,,115,827,2/7/2022,pending rental,,
1488,,236,,115,827,2/25/2022,relisted,,
1489,922,221,251,83,762,6/6/2022,pending sale,,
1490,922,99,252,83,762,6/14/2022,sold,563582,4
1491,146,252,253,105,,7/7/2021,pending rental,,
1492,,39,254,105,,7/14/2021,relisted,,
1493,833,18,,82,469,7/8/2021,pending rental,,
1494,833,257,,82,469,7/18/2021,rented,5147,100
1495,815,187,,7,20,3/1/2022,pending sale,,
1496,815,21,,7,20,3/16/2022,sold,2073062,3
1497,538,163,,53,,11/21/2023,pending rental,,
1498,538,263,,53,,12/10/2023,rented,4816,100
1499,765,98,,93,,10/12/2023,pending rental,,
1500,765,132,,93,,10/31/2023,rented,1687,100
1501,176,49,,19,208,5/29/2022,pending sale,,
1502,,223,,19,208,6/28/2022,relisted,,
1503,846,133,255,9,802,4/22/2022,pending sale,,
1504,,49,,9,802,5/9/2022,relisted,,
1505,49,296,256,29,879,8/4/2022,pending rental,,
1506,49,30,,29,879,8/17/2022,rented,2817,100
1507,325,104,,8,309,7/10/2021,pending rental,,
1508,,76,,8,309,7/19/2021,relisted,,
1509,783,101,,66,,10/28/2023,pending rental,,
1510,783,22,,66,,11/6/2023,rented,3927,100
1511,556,57,257,65,122,12/31/2023,pending rental,,
1512,556,89,,65,122,1/15/2024,rented,3374,100
1513,744,136,,53,460,7/7/2023,pending rental,,
1514,744,273,,53,460,8/1/2023,rented,2655,100
1515,539,133,,104,753,2/9/2023,pending sale,,
1516,539,225,,104,753,3/2/2023,sold,625297,5
1517,101,281,,106,343,5/23/2022,pending rental,,
1518,101,104,,106,343,6/19/2022,rented,4798,100
1519,849,111,,89,547,8/15/2021,pending rental,,
1520,,196,,89,547,8/22/2021,relisted,,
1521,992,232,258,98,492,10/17/2021,pending sale,,
1522,,291,259,98,492,11/5/2021,relisted,,
1523,431,116,,118,250,1/3/2024,pending sale,,
1524,,47,,118,250,1/14/2024,relisted,,
1525,253,254,260,50,883,8/12/2023,pending rental,,
1526,,221,261,50,883,8/13/2023,relisted,,
1527,975,258,,84,48,6/12/2021,pending rental,,
1528,,274,,84,48,7/2/2021,relisted,,
1529,758,229,,57,955,11/1/2022,pending rental,,
1530,,298,,57,955,11/21/2022,relisted,,
1531,904,254,262,35,,1/4/2023,pending rental,,
1532,,110,,35,,2/2/2023,relisted,,
1533,644,101,263,106,182,10/12/2023,pending sale,,
1534,,270,264,106,182,10/24/2023,relisted,,
1535,448,144,,106,592,4/5/2024,pending rental,,
1536,,231,,106,592,4/11/2024,relisted,,
1537,750,182,,5,498,1/4/2024,pending rental,,
1538,750,156,,5,498,1/7/2024,rented,4178,100
1539,10,62,,27,455,5/20/2021,pending sale,,
1540,10,121,,27,455,6/11/2021,sold,1996188,5
1541,516,69,,39,581,1/23/2024,pending rental,,
1542,516,76,,39,581,2/6/2024,rented,4514,100
1543,974,1,265,2,655,4/14/2022,pending rental,,
1544,974,246,,2,655,4/24/2022,rented,2417,100
1545,169,143,266,118,,3/6/2023,pending sale,,
1546,,131,267,118,,4/3/2023,relisted,,
1547,10,138,268,111,941,6/22/2023,pending sale,,
1548,10,41,269,111,941,7/19/2023,sold,1223071,5
1549,766,105,,95,559,2/18/2024,pending sale,,
1550,,47,,95,559,3/2/2024,relisted,,
1551,817,102,,78,,3/16/2024,pending rental,,
1552,,126,,78,,4/2/2024,relisted,,
1553,922,13,,15,338,12/28/2023,pending sale,,
1554,922,63,,15,338,12/29/2023,sold,1400591,3
1555,52,70,,117,206,3/28/2024,pending rental,,
1556,52,277,,117,206,4/20/2024,rented,3821,100
1557,411,100,,24,,8/7/2023,pending rental,,
1558,,187,,24,,8/29/2023,relisted,,
1559,867,268,270,18,,3/23/2023,pending rental,,
1560,867,281,,18,,4/1/2023,rented,2626,100
1561,964,130,271,11,475,1/5/2022,pending rental,,
1562,,68,272,11,475,1/25/2022,relisted,,
1563,906,288,273,107,,9/30/2022,pending sale,,
1564,906,127,274,107,,10/8/2022,sold,1935944,5
1565,80,138,,45,234,1/17/2024,pending rental,,
1566,,74,,45,234,1/18/2024,relisted,,
1567,332,4,275,78,365,1/3/2024,pending sale,,
1568,,58,276,78,365,1/14/2024,relisted,,
1569,810,219,277,26,745,3/7/2023,pending rental,,
1570,810,261,278,26,745,3/28/2023,rented,3178,100
1571,761,272,279,110,,4/16/2024,pending sale,,
1572,761,5,,110,,4/24/2024,sold,1725815,4
1573,884,200,280,45,129,5/7/2021,pending rental,,
1574,,144,,45,129,5/8/2021,relisted,,
1575,765,51,281,82,,8/8/2022,pending sale,,
1576,,214,282,82,,8/10/2022,relisted,,
1577,600,221,,25,,11/18/2022,pending rental,,
1578,,53,,25,,11/19/2022,relisted,,
1579,825,139,,68,,8/28/2023,pending rental,,
1580,825,13,,68,,9/22/2023,rented,4142,100
1581,622,140,283,17,360,10/30/2022,pending rental,,
1582,,27,284,17,360,11/2/2022,relisted,,
1583,348,122,285,12,676,2/17/2023,pending sale,,
1584,348,296,,12,676,3/5/2023,sold,614339,6
1585,601,102,286,30,56,3/28/2024,pending rental,,
1586,,118,287,30,56,4/14/2024,relisted,,
1587,573,278,,58,687,2/17/2024,pending rental,,
1588,573,128,,58,687,2/26/2024,rented,4763,100
1589,127,115,,72,,9/30/2021,pending rental,,
1590,127,277,,72,,10/11/2021,rented,1952,100
1591,107,10,288,96,,5/30/2021,pending rental,,
1592,,288,,96,,6/18/2021,relisted,,
1593,870,260,,101,568,9/28/2023,pending rental,,
1594,,219,,101,568,10/22/2023,relisted,,
1595,254,18,,100,748,11/15/2021,pending sale,,
1596,,39,,100,748,12/3/2021,relisted,,
1597,283,238,289,103,987,1/16/2023,pending sale,,
1598,283,159,290,103,987,2/8/2023,sold,437118,5
1599,232,189,291,18,929,12/23/2023,pending rental,,
1600,,249,,18,929,1/15/2024,relisted,,
1601,855,118,292,71,,1/3/2022,pending sale,,
1602,,222,,71,,1/7/2022,relisted,,
1603,810,269,293,83,583,12/28/2021,pending rental,,
1604,,207,294,83,583,1/20/2022,relisted,,
1605,588,115,295,112,,3/5/2023,pending sale,,
1606,,232,,112,,3/13/2023,relisted,,
1607,743,52,,66,46,9/26/2023,pending sale,,
1608,,86,,66,46,10/22/2023,relisted,,
1609,473,222,296,118,577,12/20/2023,pending rental,,
1610,,99,297,118,577,1/17/2024,relisted,,
1611,593,229,298,57,580,4/1/2024,pending rental,,
1612,,36,,57,580,4/16/2024,relisted,,
1613,598,67,299,96,,11/28/2023,pending sale,,
1614,,114,,96,,12/21/2023,relisted,,
1615,896,92,,36,832,3/16/2023,pending sale,,
1616,,100,,36,832,3/29/2023,relisted,,
1617,322,70,,78,440,1/28/2023,pending rental,,
1618,322,70,,78,440,2/13/2023,rented,4535,100
1619,431,65,300,71,727,5/20/2022,pending rental,,
1620,,90,1,71,727,5/21/2022,relisted,,
1621,490,294,,107,,4/29/2021,pending rental,,
1622,490,153,,107,,5/18/2021,rented,5325,100
1623,851,159,,86,,3/7/2022,pending sale,,
1624,,120,,86,,3/20/2022,relisted,,
1625,627,25,,79,900,5/28/2023,pending sale,,
1626,,126,,79,900,6/12/2023,relisted,,
1627,111,200,,82,,8/19/2022,pending rental,,
1628,,31,,82,,8/22/2022,relisted,,
1629,857,26,,29,616,5/27/2023,pending sale,,
1630,,171,,29,616,6/14/2023,relisted,,
1631,945,60,,15,613,1/10/2023,pending sale,,
1632,,52,,15,613,1/16/2023,relisted,,
1633,881,79,,52,437,5/16/2023,pending rental,,
1634,881,155,,52,437,6/7/2023,rented,5271,100
1635,125,18,8,8,853,9/25/2023,pending rental,,
1636,,161,127,8,853,10/7/2023,relisted,,
1637,698,193,,18,468,12/9/2021,pending rental,,
1638,,298,,18,468,12/26/2021,relisted,,
1639,718,57,206,8,,11/20/2021,pending rental,,
1640,,51,244,8,,11/22/2021,relisted,,
1641,906,247,146,49,680,9/30/2023,pending sale,,
1642,,76,,49,680,10/5/2023,relisted,,
1643,566,40,218,25,534,3/1/2024,pending sale,,
1644,,14,,25,534,3/13/2024,relisted,,
1645,340,278,91,78,377,1/28/2022,pending rental,,
1646,340,256,,78,377,2/22/2022,rented,1533,100
1647,229,1,,101,5,3/21/2023,pending rental,,
1648,,43,,101,5,3/31/2023,relisted,,
1649,826,22,,5,743,2/23/2024,pending sale,,
1650,,47,,5,743,3/15/2024,relisted,,
1651,635,279,140,67,102,4/16/2022,pending rental,,
1652,,51,,67,102,5/10/2022,relisted,,
1653,525,168,250,90,,5/8/2021,pending sale,,
1654,525,80,238,90,,5/10/2021,sold,1767399,4
1655,717,217,,23,133,7/4/2021,pending sale,,
1656,,276,,23,133,7/11/2021,relisted,,
1657,434,224,,88,,2/18/2022,pending sale,,
1658,434,164,,88,,2/22/2022,sold,416985,4
1659,45,281,152,39,192,4/21/2022,pending sale,,
1660,,33,103,39,192,5/17/2022,relisted,,
1661,556,167,,33,366,5/19/2021,pending sale,,
1662,,22,,33,366,6/2/2021,relisted,,
1663,567,230,123,115,,4/28/2023,pending sale,,
1664,567,61,257,115,,5/22/2023,sold,1455534,5
1665,168,31,76,5,558,10/17/2022,pending sale,,
1666,,70,197,5,558,10/20/2022,relisted,,
1667,736,58,,60,576,6/27/2022,pending sale,,
1668,,84,,60,576,7/5/2022,relisted,,
1669,94,220,110,95,,3/14/2023,pending rental,,
1670,94,288,,95,,3/27/2023,rented,4276,100
1671,723,49,,31,,7/12/2022,pending rental,,
1672,723,195,,31,,8/7/2022,rented,5136,100
1673,990,14,,20,,4/14/2023,pending rental,,
1674,,27,,20,,4/24/2023,relisted,,
1675,688,6,,82,171,9/2/2022,pending rental,,
1676,,209,,82,171,9/26/2022,relisted,,
1677,41,29,169,120,,7/6/2022,pending rental,,
1678,41,164,49,120,,8/5/2022,rented,4606,100
1679,309,253,286,55,997,7/28/2022,pending sale,,
1680,309,55,70,55,997,8/11/2022,sold,177782,5
1681,810,97,2,42,,4/17/2024,pending sale,,
1682,,136,,42,,5/9/2024,relisted,,
1683,964,216,,24,,9/6/2023,pending rental,,
1684,,209,,24,,9/8/2023,relisted,,
1685,825,162,,29,375,7/17/2023,pending sale,,
1686,,52,,29,375,8/7/2023,relisted,,
1687,765,39,74,90,272,4/28/2022,pending rental,,
1688,,125,,90,272,5/7/2022,relisted,,
1689,321,110,38,56,352,6/28/2022,pending sale,,
1690,,195,6,56,352,7/23/2022,relisted,,
1691,788,184,,33,291,11/12/2021,pending sale,,
1692,,29,,33,291,11/28/2021,relisted,,
1693,459,34,151,75,124,10/29/2022,pending rental,,
1694,,266,,75,124,10/31/2022,relisted,,
1695,822,136,261,120,26,6/13/2022,pending rental,,
1696,,135,,120,26,7/4/2022,relisted,,
1697,540,202,139,65,,6/18/2021,pending rental,,
1698,540,276,238,65,,6/26/2021,rented,4249,100
1699,380,288,,93,383,4/30/2023,pending rental,,
1700,380,74,,93,383,5/23/2023,rented,4570,100
1701,115,244,139,32,725,8/22/2022,pending rental,,
1702,,29,127,32,725,9/3/2022,relisted,,
1703,435,230,,103,682,5/9/2023,pending sale,,
1704,,225,,103,682,5/22/2023,relisted,,
1705,990,270,106,83,,3/24/2024,pending sale,,
1706,,6,,83,,3/29/2024,relisted,,
1707,641,39,227,101,541,11/17/2022,pending rental,,
1708,,129,,101,541,12/2/2022,relisted,,
1709,213,168,82,36,,8/30/2023,pending rental,,
1710,213,34,205,36,,9/24/2023,rented,3186,100
1711,833,130,,39,216,11/18/2022,pending rental,,
1712,833,120,,39,216,11/28/2022,rented,4146,100
1713,171,231,83,60,331,12/20/2022,pending sale,,
1714,171,172,56,60,331,12/22/2022,sold,1796825,5
1715,993,232,,77,395,4/21/2022,pending sale,,
1716,993,163,,77,395,4/28/2022,sold,1091813,4
1717,593,12,,81,457,1/5/2022,pending sale,,
1718,,42,,81,457,1/8/2022,relisted,,
1719,297,32,55,99,,9/4/2021,pending rental,,
1720,,177,,99,,9/11/2021,relisted,,
1721,954,235,90,102,733,2/24/2023,pending sale,,
1722,,31,45,102,733,3/18/2023,relisted,,
1723,214,20,228,9,270,2/26/2024,pending sale,,
1724,214,52,,9,270,2/29/2024,sold,467163,5
1725,846,265,,97,898,7/8/2023,pending rental,,
1726,,62,,97,898,8/5/2023,relisted,,
1727,943,206,,47,,12/15/2022,pending sale,,
1728,943,173,,47,,12/19/2022,sold,1519545,4
1729,278,240,,43,450,10/18/2023,pending rental,,
1730,,151,,43,450,11/14/2023,relisted,,
1731,687,72,66,59,81,2/19/2024,pending rental,,
1732,687,128,,59,81,3/2/2024,rented,2966,100
1733,893,222,110,92,,10/22/2023,pending sale,,
1734,893,298,202,92,,11/9/2023,sold,1246938,5
1735,971,127,35,91,747,8/31/2021,pending rental,,
1736,,12,230,91,747,9/18/2021,relisted,,
1737,820,179,,99,674,11/20/2022,pending sale,,
1738,820,166,,99,674,12/2/2022,sold,1132143,4
1739,575,84,,27,280,5/17/2022,pending rental,,
1740,575,142,,27,280,6/5/2022,rented,5304,100
1741,224,300,52,80,781,6/26/2022,pending sale,,
1742,,257,188,80,781,7/17/2022,relisted,,
1743,293,221,,94,94,11/5/2021,pending rental,,
1744,293,140,,94,94,11/11/2021,rented,4371,100
1745,479,117,228,62,168,7/20/2023,pending rental,,
1746,,44,54,62,168,8/19/2023,relisted,,
1747,78,111,250,77,90,11/18/2023,pending sale,,
1748,78,137,29,77,90,11/28/2023,sold,1406445,5
1749,786,8,251,37,922,5/12/2022,pending rental,,
1750,,135,,37,922,5/24/2022,relisted,,
1751,815,230,7,87,344,12/6/2023,pending sale,,
1752,815,270,,87,344,12/7/2023,sold,390477,6
1753,496,168,172,43,742,5/15/2023,pending rental,,
1754,,8,187,43,742,6/2/2023,relisted,,
1755,944,223,,42,78,8/1/2023,pending rental,,
1756,,264,,42,78,8/21/2023,relisted,,
1757,750,121,89,3,513,4/14/2023,pending rental,,
1758,750,60,48,3,513,4/15/2023,rented,3947,100
1759,140,238,48,102,,9/2/2023,pending rental,,
1760,140,104,,102,,9/3/2023,rented,2719,100
1761,990,90,,6,,4/29/2021,pending rental,,
1762,990,198,,6,,5/5/2021,rented,4678,100
1763,471,137,,47,307,11/5/2022,pending rental,,
1764,,5,,47,307,11/29/2022,relisted,,
1765,62,241,,57,,12/5/2022,pending rental,,
1766,62,296,,57,,12/16/2022,rented,3449,100
1767,381,216,,108,445,11/14/2021,pending sale,,
1768,381,102,,108,445,11/30/2021,sold,1285426,5
1769,761,90,145,53,281,5/7/2022,pending rental,,
1770,761,270,,53,281,5/19/2022,rented,3149,100
1771,391,44,13,117,112,5/5/2023,pending sale,,
1772,,33,,117,112,6/3/2023,relisted,,
1773,947,43,,25,796,9/2/2022,pending rental,,
1774,947,105,,25,796,9/10/2022,rented,2866,100
1775,91,34,187,73,,4/22/2023,pending sale,,
1776,91,273,,73,,5/6/2023,sold,555825,6
1777,868,49,,81,,8/14/2021,pending rental,,
1778,868,110,,81,,9/11/2021,rented,4196,100
1779,277,262,,4,,8/13/2023,pending sale,,
1780,,117,,4,,9/6/2023,relisted,,
1781,208,182,,45,144,8/8/2023,pending rental,,
1782,,95,,45,144,8/25/2023,relisted,,
1783,789,73,31,38,,4/12/2023,pending sale,,
1784,,44,17,38,,5/11/2023,relisted,,
1785,695,204,260,75,519,10/20/2022,pending sale,,
1786,695,212,,75,519,10/25/2022,sold,1004192,6
1787,608,166,161,52,,11/12/2021,pending rental,,
1788,608,210,98,52,,11/23/2021,rented,4811,100
1789,718,172,,89,,12/22/2023,pending rental,,
1790,,4,,89,,1/5/2024,relisted,,
1791,616,284,,111,,10/25/2022,pending sale,,
1792,616,155,,111,,11/21/2022,sold,1119295,5
1793,510,136,,33,101,4/7/2022,pending sale,,
1794,,128,,33,101,5/4/2022,relisted,,
1795,860,181,287,66,,10/9/2022,pending sale,,
1796,860,149,,66,,11/1/2022,sold,715384,3
1797,145,152,,1,337,1/31/2023,pending sale,,
1798,,219,,1,337,3/2/2023,relisted,,
1799,987,253,251,86,501,10/30/2021,pending rental,,
1800,987,154,73,86,501,11/12/2021,rented,4826,100
1801,954,178,143,60,485,9/20/2022,pending rental,,
1802,,61,,60,485,10/11/2022,relisted,,
1803,391,259,296,28,,1/2/2023,pending sale,,
1804,391,4,73,28,,1/17/2023,sold,1553265,3
1805,250,197,,102,466,2/26/2024,pending sale,,
1806,250,261,,102,466,3/1/2024,sold,1777287,4
1807,250,196,,117,825,6/9/2021,pending rental,,
1808,250,196,,117,825,7/8/2021,rented,4347,100
1809,333,121,,82,842,9/15/2023,pending sale,,
1810,333,228,,82,842,9/19/2023,sold,2009961,5
1811,868,35,,94,324,5/9/2021,pending rental,,
1812,,96,,94,324,6/3/2021,relisted,,
1813,64,8,282,16,,8/13/2021,pending rental,,
1814,,68,,16,,8/29/2021,relisted,,
1815,991,279,21,68,500,9/6/2023,pending sale,,
1816,991,7,,68,500,9/27/2023,sold,984020,6
1817,567,250,,67,,3/11/2022,pending sale,,
1818,,109,,67,,4/9/2022,relisted,,
1819,556,139,55,114,,8/11/2021,pending rental,,
1820,,231,,114,,8/22/2021,relisted,,
1821,492,293,,78,38,2/19/2024,pending rental,,
1822,,76,,78,38,3/12/2024,relisted,,
1823,818,45,242,52,,1/6/2023,pending sale,,
1824,,172,54,52,,2/5/2023,relisted,,
1825,730,174,,37,590,2/28/2023,pending sale,,
1826,730,227,,37,590,3/7/2023,sold,1606082,5
1827,811,1,,15,,11/19/2022,pending rental,,
1828,,227,,15,,11/23/2022,relisted,,
1829,937,72,,12,131,12/8/2022,pending sale,,
1830,937,179,,12,131,12/20/2022,sold,849372,6
1831,253,219,,16,316,5/4/2021,pending rental,,
1832,,16,,16,316,5/18/2021,relisted,,
1833,695,123,,23,,2/25/2022,pending rental,,
1834,,61,,23,,3/10/2022,relisted,,
1835,658,272,,69,724,8/15/2023,pending sale,,
1836,,182,,69,724,8/26/2023,relisted,,
1837,466,5,,3,217,5/17/2021,pending sale,,
1838,,52,,3,217,6/16/2021,relisted,,
1839,321,19,,112,,5/15/2023,pending rental,,
1840,,105,,112,,6/11/2023,relisted,,
1841,444,250,124,90,,10/25/2022,pending sale,,
1842,,66,,90,,11/8/2022,relisted,,
1843,109,206,,118,368,11/9/2023,pending rental,,
1844,,212,,118,368,11/30/2023,relisted,,
1845,753,43,166,88,70,9/18/2021,pending sale,,
1846,,96,,88,70,9/24/2021,relisted,,
1847,389,90,,66,,2/3/2024,pending sale,,
1848,389,82,,66,,2/12/2024,sold,1043535,4
1849,763,188,,18,639,12/28/2021,pending sale,,
1850,763,76,,18,639,1/16/2022,sold,548998,6
1851,854,134,292,44,,3/24/2022,pending rental,,
1852,,223,,44,,4/17/2022,relisted,,
1853,393,65,,118,947,5/3/2023,pending rental,,
1854,393,299,,118,947,5/31/2023,rented,1766,100
1855,493,238,114,20,881,12/23/2023,pending sale,,
1856,493,173,50,20,881,1/18/2024,sold,661793,4
1857,937,236,267,80,238,8/25/2023,pending sale,,
1858,,162,135,80,238,9/22/2023,relisted,,
1859,609,78,143,99,596,2/4/2024,pending sale,,
1860,609,56,,99,596,2/11/2024,sold,1109392,4
1861,765,247,161,46,,7/3/2021,pending rental,,
1862,765,72,,46,,7/8/2021,rented,1844,100
1863,157,76,79,62,,2/7/2024,pending rental,,
1864,,135,286,62,,3/8/2024,relisted,,
1865,774,112,56,95,,2/12/2024,pending rental,,
1866,774,52,199,95,,3/2/2024,rented,1671,100
1867,412,105,,29,751,9/5/2021,pending sale,,
1868,,121,,29,751,10/3/2021,relisted,,
1869,763,184,,83,104,8/21/2022,pending rental,,
1870,,105,,83,104,9/7/2022,relisted,,
1871,868,5,,106,,2/25/2022,pending rental,,
1872,868,37,,106,,3/23/2022,rented,4439,100
1873,782,93,257,90,173,9/19/2023,pending sale,,
1874,,56,181,90,173,9/21/2023,relisted,,
1875,26,16,270,45,,7/9/2021,pending rental,,
1876,26,147,55,45,,7/25/2021,rented,1881,100
1877,542,164,,16,,4/3/2024,pending rental,,
1878,,178,,16,,4/17/2024,relisted,,
1879,493,277,206,21,427,12/22/2023,pending sale,,
1880,,89,227,21,427,1/1/2024,relisted,,
1881,314,230,38,49,,3/9/2022,pending sale,,
1882,314,130,,49,,3/18/2022,sold,434265,3
1883,774,27,,97,,10/12/2023,pending sale,,
1884,,197,,97,,10/13/2023,relisted,,
1885,234,130,151,89,,10/30/2022,pending rental,,
1886,234,176,,89,,11/23/2022,rented,5005,100
1887,881,132,30,37,,9/17/2022,pending sale,,
1888,,251,,37,,10/11/2022,relisted,,
1889,999,10,,116,603,10/4/2022,pending sale,,
1890,999,234,,116,603,10/5/2022,sold,379899,6
1891,566,109,107,101,683,4/18/2023,pending sale,,
1892,566,91,182,101,683,5/14/2023,sold,219941,6
1893,119,223,163,18,,9/3/2023,pending rental,,
1894,119,221,,18,,9/22/2023,rented,4438,100
1895,431,174,247,92,299,10/22/2021,pending sale,,
1896,431,92,,92,299,11/15/2021,sold,1140431,3
1897,466,232,,61,362,1/18/2023,pending rental,,
1898,,207,,61,362,2/10/2023,relisted,,
1899,161,182,,38,601,3/26/2023,pending rental,,
1900,161,194,,38,601,4/25/2023,rented,4901,100
1901,755,34,,78,615,1/27/2024,pending sale,,
1902,,144,,78,615,2/18/2024,relisted,,
1903,11,72,130,42,300,3/30/2024,pending sale,,
1904,,262,83,42,300,4/11/2024,relisted,,
1905,242,209,123,98,714,7/21/2023,pending rental,,
1906,242,281,,98,714,7/22/2023,rented,1898,100
1907,642,122,,9,17,1/12/2024,pending rental,,
1908,,149,,9,17,1/22/2024,relisted,,
1909,961,110,,6,773,6/26/2023,pending rental,,
1910,,264,,6,773,7/13/2023,relisted,,
1911,91,64,48,13,29,6/5/2021,pending rental,,
1912,91,169,125,13,29,7/1/2021,rented,2106,100
1913,729,111,,117,,2/12/2022,pending rental,,
1914,,43,,117,,2/13/2022,relisted,,
1915,229,265,,11,,12/21/2021,pending sale,,
1916,229,88,,11,,1/1/2022,sold,252194,5
1917,731,2,202,67,731,3/20/2022,pending sale,,
1918,,255,,67,731,4/1/2022,relisted,,
1919,460,28,,43,86,4/5/2024,pending sale,,
1920,,30,,43,86,4/20/2024,relisted,,
1921,495,100,52,67,654,4/16/2022,pending rental,,
1922,,217,103,67,654,4/30/2022,relisted,,
1923,63,228,121,61,602,3/5/2023,pending rental,,
1924,63,209,,61,602,3/9/2023,rented,4384,100
1925,495,27,,45,,8/29/2021,pending rental,,
1926,495,75,,45,,9/27/2021,rented,2529,100
1927,52,160,,34,59,1/2/2024,pending sale,,
1928,52,155,,34,59,1/3/2024,sold,1607206,4
1929,958,199,,24,,11/21/2021,pending sale,,
1930,958,56,,24,,12/5/2021,sold,187672,6
1931,444,111,,13,135,9/29/2023,pending rental,,
1932,444,112,,13,135,10/8/2023,rented,4838,100
1933,490,34,109,3,107,12/4/2022,pending sale,,
1934,,201,297,3,107,12/21/2022,relisted,,
1935,964,247,60,88,,5/17/2022,pending sale,,
1936,964,138,,88,,6/9/2022,sold,648003,4
1937,127,13,255,97,161,4/16/2022,pending sale,,
1938,127,235,166,97,161,5/4/2022,sold,689568,4
1939,664,227,63,21,866,1/23/2022,pending sale,,
1940,,159,161,21,866,2/22/2022,relisted,,
1941,938,188,108,94,,12/27/2023,pending sale,,
1942,,219,,94,,1/1/2024,relisted,,
1943,318,53,,12,824,9/18/2022,pending rental,,
1944,318,101,,12,824,9/28/2022,rented,2032,100
1945,576,237,72,15,370,4/16/2023,pending rental,,
1946,576,63,41,15,370,4/17/2023,rented,1941,100
1947,721,53,94,41,410,5/25/2021,pending rental,,
1948,,297,139,41,410,5/31/2021,relisted,,
1949,452,236,12,15,,1/17/2022,pending sale,,
1950,452,242,,15,,1/21/2022,sold,1055556,4
1951,74,106,,74,9,1/24/2022,pending sale,,
1952,74,298,,74,9,1/27/2022,sold,853967,3
1953,931,272,138,119,297,2/25/2023,pending rental,,
1954,,245,,119,297,3/3/2023,relisted,,
1955,471,126,261,83,,5/25/2023,pending sale,,
1956,,99,271,83,,6/3/2023,relisted,,
1957,412,84,,69,844,3/9/2024,pending sale,,
1958,,92,,69,844,3/15/2024,relisted,,
1959,83,4,230,5,,5/8/2021,pending rental,,
1960,83,42,78,5,,5/12/2021,rented,4840,100
1961,197,190,272,45,591,7/15/2021,pending rental,,
1962,197,233,248,45,591,8/12/2021,rented,4882,100
1963,369,277,,86,,6/22/2021,pending sale,,
1964,369,216,,86,,6/29/2021,sold,1197754,5
1965,603,187,,26,563,10/11/2022,pending sale,,
1966,,9,,26,563,10/17/2022,relisted,,
1967,23,299,,43,314,3/24/2024,pending rental,,
1968,23,226,,43,314,3/26/2024,rented,4663,100
1969,514,69,,31,,12/27/2021,pending rental,,
1970,,137,,31,,1/1/2022,relisted,,
1971,51,169,,44,,8/9/2021,pending rental,,
1972,51,11,,44,,8/13/2021,rented,2123,100
1973,688,89,75,16,,10/1/2023,pending rental,,
1974,688,226,,16,,10/24/2023,rented,4282,100
1975,204,252,157,9,,8/4/2021,pending sale,,
1976,,17,,9,,8/6/2021,relisted,,
1977,185,148,136,108,,2/8/2022,pending rental,,
1978,185,264,232,108,,2/19/2022,rented,4870,100
1979,237,266,,6,546,5/5/2021,pending sale,,
1980,237,16,,6,546,5/31/2021,sold,2016270,3
1981,432,172,,105,717,8/14/2022,pending rental,,
1982,,137,,105,717,9/7/2022,relisted,,
1983,87,271,,86,,5/30/2022,pending rental,,
1984,,266,,86,,6/10/2022,relisted,,
1985,971,145,,70,,5/8/2022,pending rental,,
1986,,184,,70,,5/10/2022,relisted,,
1987,502,188,9,84,,3/5/2022,pending sale,,
1988,,86,,84,,3/20/2022,relisted,,
1989,454,91,85,108,336,2/15/2023,pending sale,,
1990,,122,,108,336,3/8/2023,relisted,,
1991,954,35,,111,,6/16/2022,pending sale,,
1992,954,21,,111,,7/6/2022,sold,1249915,4
1993,514,65,,63,766,12/28/2021,pending rental,,
1994,,26,,63,766,1/26/2022,relisted,,
1995,544,192,181,39,814,11/6/2022,pending sale,,
1996,,201,,39,814,11/14/2022,relisted,,
1997,964,40,45,88,,1/19/2023,pending rental,,
1998,964,297,,88,,2/15/2023,rented,4156,100
1999,514,44,,60,332,4/17/2023,pending rental,,
2000,514,45,,60,332,5/9/2023,rented,3097,100
